3.30742097428922,1.4394022531823,-0.16527282978197,-0.215024628867913,0.691093349130916,0.223250365750907,0.594748830681529,-0.0649558620082391,-0.639638362654436,1.01808396013894,-0.450293172440454,0.539289143898481,-0.0660523052546588
2.20324981342022,-0.332455071194181,-2.0207570604795,-0.290538743228921,-0.256929866171015,0.924512305791442,0.0536243449885734,-1.02153432441907,0.307977983612371,0.159252140787985,-0.142256018790729,0.387145649892667,0.00362627319080668
2.50966069476186,1.02825072429419,0.980054055255303,0.722863199049681,-0.250326975805802,-0.547730963308118,0.423012184349323,0.343247870025656,1.17452128758799,0.113041978878688,-0.28586645250265,0.000581931623215414,0.0216554230528804
3.746497190498,2.74861839085854,-0.175696224221359,0.566385601916764,-0.310964397918333,-0.114109112070148,-0.382258990279204,-0.641783105241456,-0.0523966169235475,0.23873915043793,0.757447643129063,-0.241338775739871,-0.36844419396043
1.0060704895977,0.867384035075408,2.02098725655185,-0.408613139693387,0.297617958468685,0.405376083200335,0.442825305824038,-0.415528314581682,-0.325899840412227,-0.0781460413646501,-0.524465628583289,-0.216054693420711,-0.0791403201545108
3.04167372561126,2.11643091683108,-0.627625371139986,-0.514187034575263,-0.630240899761542,-0.123083354051922,0.400523928172149,-0.393782607502636,0.151718097725537,-0.101708907591589,0.404444426739312,-0.378365360587876,0.144747017152544
2.44220051482514,1.17154534273535,-0.974346376434898,-0.0656453269952557,-1.0248708712061,0.61837637695624,0.0527419497548097,0.370887632301126,0.455730294339188,1.01370392170675,-0.441188870104927,0.140832572272194,-0.271013687296158
2.0536437885938,1.60443714359378,0.145870400156246,-1.18925326944048,0.0766871685043777,1.43575612113564,0.0322845215623263,-0.23232359673626,-0.123023282414588,0.733530844616413,0.292729104973172,0.378595054823825,-0.109853901957188
2.50381134586223,0.915488474138314,-1.76598738859201,0.0561120757934481,-0.889747106835339,0.128817668706397,0.124932651310027,0.498172619039386,-0.60488289581135,0.173616860820846,-0.507501293168545,-0.633462414235021,0.141683862889918
2.74588238273254,0.787217029001904,-0.981478855371223,0.348398777143081,-0.46723506146573,-0.162932038599613,-0.871892740056432,-0.150155930977783,-0.229840798864019,0.178915403995742,0.0124430705841497,0.548778784083606,-0.0423354301341981
3.46994837450078,1.29866984523335,-0.421546085627265,0.02676625557655,-0.337422948554813,0.182387139211721,0.247464316600906,1.20321683555285,0.523098376032963,-0.2139341028596,0.73045408964212,-0.0810835396805994,0.122257108207804
1.74981687772954,0.610255770402335,-1.18752844430331,-0.887660354492523,-0.736495094729678,0.551499536368866,-0.4330446734644,0.982355430214498,0.472697058326087,0.219663137041446,0.0413195951374578,-0.162103632015258,0.142368191685254
2.10751728679335,0.673805614310878,-0.862652984999749,-0.355435369458093,-1.20652526036555,0.214471120379116,-0.241914763712979,0.460208172317458,0.876341335819284,-0.0962338999499676,0.0538944236020116,-0.0894940572464744,-0.00492135902408253
3.44842921407715,1.12744947640952,-1.20088878928039,0.162001077248215,-2.01743586339104,-0.743682985415835,1.47162214961352,0.379315751742435,0.0256298485118961,-0.243964418130158,-1.22833590777002,-0.770160959221525,0.225186083643034
4.30065228243313,2.09007971112926,-1.26035743518189,0.304913066510462,-1.02679614414315,-0.793404813129208,0.997158083947289,0.403752470405571,0.8379787009013,-0.363407776600229,-0.314857945225632,-0.142417987519921,-0.0944575025650893
2.29870383298748,1.65787506325651,0.217289667502428,-1.43653772667813,-0.468229284942516,0.421025739607582,-0.180458450588206,-0.0838800838444722,0.403320197336641,-0.797405742010066,0.102395271554331,0.496395591301704,-0.0658141105136194
2.16584568280964,2.32075875406352,0.829390255539873,-0.910034177581522,-0.000114617092575776,0.066342162662294,0.109179798665932,0.398311209735725,-0.0608835404246403,0.0194589645139321,0.0781459967699547,-0.499388491680395,0.337151716751429
1.89362947490782,1.626779927559,0.792677743528566,-1.07933571157105,-0.437471160165056,-0.363904282357947,0.0913887724860895,-0.112522843838035,-0.380958636315659,-0.400192040489663,0.308212481710712,-0.263083231301292,0.557720257020452
3.53202167238385,2.51125970683683,-0.484092939538766,-0.907762118959412,-1.14983578945733,-0.303022231427915,-0.0333700803063716,0.0354999773160664,0.44032390819621,-0.782370000352866,0.915924594456438,0.164623698055812,0.513095770220561
2.07865855822098,1.05815307067065,-0.164283255138421,0.483633148141673,0.880028898411424,1.38909922161875,-0.102183932347137,-0.578283995455017,-0.0585875322273095,-0.149627221417824,-0.83337569831057,0.287064831064541,0.0585441672864519
3.11561376238392,0.784683607297998,-0.363860675658855,-0.0254897869832036,0.969678256193192,0.106620996542561,0.264017728642782,-0.185079328918595,-1.31475354606362,0.361072678370254,-0.459922727375728,0.472126686875988,-0.0277012089977389
1.08351360638913,0.241063539996088,0.934325978075665,1.02701276115101,0.31508288417819,1.20760837779276,0.296096445689955,0.106151839240292,0.571088240115931,-0.0921725999679341,-0.656976542203034,0.680769008065239,-0.303788047224461
2.52809263376571,-0.0915822780973852,-0.31105520990417,-0.0482551136454872,-0.428373168743576,1.01208812811783,-0.127410237576647,0.0763985397015919,-0.107958200249899,0.823195997132342,-0.0888318911852385,0.48074585946184,-0.0448073416223789
1.64036107937009,-0.514826665783717,0.143480353799628,-0.412556252727738,-0.374663085127977,0.78229875031011,-0.666522004933487,-0.194716170273208,0.690454666883276,0.470355629723066,-0.0324143768319647,0.482485576407442,-0.342783088203684
1.75662065606152,-0.316256810150089,0.887781322761478,-0.114791797379731,-0.555102544406289,0.896220739203939,-0.621796848309324,0.34131104539725,-0.0947167513961926,0.664555677030379,-0.378441497545736,0.31319242506025,-0.226906559042029
0.987294063457216,0.938021292616497,3.81016000375821,-1.31784371930984,0.158557437127719,0.264382450462163,0.480551752548825,-0.0946245600147622,-0.110082846288738,0.464647996577106,-0.438274917342887,-0.109209619206126,-0.0579380484798492
1.77028386961871,0.684244961307347,-0.0864565230056752,-0.232251626151942,-1.13972765276077,0.569866962857334,-0.456739864072454,-0.906164864308157,0.740175071556922,0.441299104896403,-0.0330061110272784,-0.208247654295369,0.00215940686516493
1.23194878453037,-0.0895544190842282,-1.38299528106446,-0.494288392044187,-0.374883896016033,0.606377662656317,-0.361989184529119,0.235822989425007,0.732726856009473,0.298589564578125,0.863424133621914,-0.376156295360484,0.00856754802091036
2.18225046758958,0.687629899180148,1.39064404078449,-0.775304769313865,-0.808303940421521,0.600378845568182,0.117601008907862,0.074585285405774,-0.45845040072331,-0.0280275573941173,-0.53533707663741,0.049439015160361,-0.198140208979826
2.24976267059306,0.190923364970595,-1.08958367263626,0.285347368547057,-0.48171439819311,0.334290546804398,-0.157904889873771,0.468742034563117,-0.137115228033858,0.80010223318331,-0.121573571352809,0.135349401048751,-0.445353113258842
2.49318704413372,1.23734343744848,1.38211906259093,-0.365833248469767,-0.62058227594163,-0.580816767537242,-0.414827569373962,1.05645522555953,0.536880934533272,-0.319834516677874,0.375478394556593,-0.607657504373565,0.0856616371331447
2.66987963717322,1.46773334635132,-0.331327094376305,-0.348371162144922,-0.0863507437566999,-0.164366141076771,-0.532739137102553,0.530310098942259,0.78530274103369,-0.218365933450317,1.07177878424685,0.00277847712079249,0.271783806843798
1.62399801279501,0.0525561958496426,-0.166658582371019,-0.747206465840921,-0.634273539250462,0.0441938361456164,0.977571980737167,0.497666867589764,-0.131159086144745,0.165104151741546,-0.219890758674102,-0.2035213322551,0.245083968513637
1.89733869731163,1.62846672543164,1.16878511652834,-2.33384554028979,-0.18628855427225,0.327065152428801,0.981165516025788,-0.511201993875703,-0.709719685545955,0.0993285180084484,0.623103854922345,0.108419172167456,0.0543841538120354
1.40642118110875,0.695971073676941,0.478393534379589,-1.05710425189656,0.0988818106601938,0.708252057981618,-0.229092689442982,0.226834997113828,0.395617175267514,0.199394968081197,-0.17502293396398,-0.219056405404047,0.106609538516323
1.89847087353462,0.1762138728925,0.449566865823091,0.283314356512134,-0.162491077418013,0.17415046745003,-0.655976907177616,0.35373112727628,-0.207576115051432,0.335996604284235,0.197951397396333,0.232291212218585,0.13238084835183
1.38096668895791,0.656787135916019,0.457149018295112,-1.28104447860221,-0.20443490412611,0.618746221045087,-0.0701800349012783,-0.958044732928643,0.304426016300698,-0.202780515984626,-1.09682656387363,-0.146809540315806,-0.0611184867560738
1.11905070261155,0.113788775806474,-0.0389972700676408,-0.953710919146731,-0.341248613652803,0.407975459243118,-0.407454131349151,0.0292585208191397,0.851462290917055,-0.312591090806757,0.00379661462810967,-0.401099691151342,0.00574189343626486
1.4979689099673,-0.767267636443277,-1.42216558732203,-0.75537726386463,-0.165377624451675,0.414283616592249,-0.0268232868589899,0.0262811148835735,0.277335236016594,-0.282495669638097,0.283059303126763,-0.178849430035175,0.318416807071875
2.52268490079999,1.79793023049862,-0.342187120150586,1.18363540209379,1.29424479973621,1.53793244507813,0.962971858024342,-0.766770621715037,-0.719301478444548,0.0226179230810192,-1.19016430717388,0.168413870962247,-0.177785910461661
2.58081525552319,0.777423286334354,-0.118144195506671,0.474632558230288,0.402187493259625,-0.723143125756568,0.547587261273915,-0.704042259939343,-0.81520397072579,0.32323482955549,-0.281569392985588,0.196081590201034,0.0767200467698898
0.666601590609365,0.16948284982577,-0.781158992224682,1.30939014443531,-0.370717667827179,1.3209653565081,0.0271151989097321,0.325120532611252,0.284283574383627,-0.0720172907891231,0.825148162413624,-0.0731963345647618,0.427646270660139
3.06216897895341,1.15266742005172,-0.311878312616315,0.54873671500163,-0.303270163810575,0.805644791059649,-1.00857251340624,-0.927206634056301,0.21762839348717,0.229442300314732,-0.441279064067413,-0.185860584820591,-0.0228891781275609
0.460908968590186,0.329811772734114,-0.200909753935053,1.43245308491019,0.282428181236537,1.02571004183398,0.569786980611708,-0.564178910945659,-0.292474332301803,-0.0779722722900301,-0.0705226760486637,-0.0494470657464976,0.201488531837291
2.09544094293404,-0.0708091767582319,-0.654004546648925,0.755613344075609,0.470211316619503,-0.370762101434473,0.0204903232233724,-0.622577781009441,-0.298161976291264,0.428004182472379,0.46977570085307,0.0560315642702404,0.0808383392178317
1.13297020448577,1.77210848745488,0.0286249881261027,0.689885128561479,-0.0607528293062949,1.9084843071293,0.172211361439183,-0.255991671241031,-0.55185926255955,0.186825402385357,0.592809909238823,0.0466142456351181,0.0615152469153044
2.71893118483657,1.18798353288002,-0.538254908600807,1.38564194437889,-0.495496851133059,1.00815469759938,0.737349956609833,0.242569799828685,-0.445343779910203,-0.110755260512834,0.0484974610037324,-0.202656240115108,-0.151639542671642
2.81340300172213,0.644440709185731,-1.15230190524269,0.98488467078035,-0.00994895288773744,-0.289947517527466,-0.472580926909489,-0.141812569651925,-0.405458878528302,0.253076119741041,0.122643010917017,-0.0849848752693351,0.188756494460922
2.00419725082142,1.24352163527515,-0.0571328230976258,0.229994320643871,-0.383569068153093,-0.524474754873969,0.22787579557395,0.798874753600149,-0.114958346765846,-0.0276381172788535,-0.103035621767807,-0.317051666828448,0.128661413993943
2.69987527988475,1.74703921908322,-0.641304568720972,-0.0999495743004176,-0.493321431347051,-0.73021855759667,0.00759847044318334,0.250564542511784,-0.177064871735522,-0.304524717065955,0.545559067660102,0.739072103360644,0.547126405548398
3.20587408843523,0.166522255683712,-1.96802013112655,1.11753151665509,0.0122436594179743,-1.22735670363664,0.260077529840789,0.466730083618943,1.22899199507552,-0.591649070086511,-0.366278473509975,0.409868378811639,0.080562537829949
2.85091772969851,0.743182375634173,0.0047062264642373,-0.214670995859671,-0.756674007692619,0.191582638385721,-0.352751689490748,1.06910761517362,0.984183504293913,0.113833640532997,-0.548138550601068,0.315691407511867,-0.0513184475267515
3.49574328334838,1.6081973242466,-0.51930961991667,0.106236742554339,-0.599991938624417,-0.183028065687118,0.151445419925465,-1.4171049790805,-0.401675513433711,-0.423652543437644,0.29125578029321,-0.0896188598701106,-0.130654478628528
2.21853316453292,1.86989325493805,0.338594715268454,-1.20357144862378,-0.575022180192877,0.245262824373678,0.463852190134526,-0.398153665773889,0.314407352294762,-0.082250674302417,0.308387537941358,4.51751788898573e-05,-0.159199866428117
2.14094846469849,1.01389147150761,-0.955068627887794,-0.239642188344666,0.877628818755694,0.36075734322533,-0.410789089474623,-0.288753322152386,-0.279747442122919,0.453496852806962,0.171942055746301,0.178142535047538,0.295282582271277
2.46238339554063,1.32526988324217,0.511993181671329,0.254630339066719,0.909574302184138,-0.553308647867123,-0.357392564678594,0.536010804660825,0.135264745782816,0.15544812508482,0.33190261708171,-0.169750405706891,-0.241059524008432
2.73380617491011,1.43250785065951,-0.610750541683215,0.205168684771345,0.433042303035312,-0.115671473038776,-0.0391190024630019,-0.35039898575647,-0.930462549932181,0.345876713200097,-0.0425588346426651,-0.0538491974438762,-0.16202899318222
2.16762630710584,1.20878998910284,0.261043221149572,-0.503007163195466,-0.693465629658724,0.256260855788088,-0.218447362605971,-0.610123763824513,0.836627063426575,-0.454038171687786,0.0834855229427337,-0.125230665690001,0.111250970107029
3.1305492478324,1.72670827901314,-0.284857862747258,0.229918639574068,0.0748297503205195,-0.350573243035337,-0.840703767589512,-0.624515975361526,0.413469281224401,-0.202138743762569,0.259140456408923,-0.556141304677828,0.16363643647319
-0.925969918827908,-3.06484061536442,-4.5721664738432,-1.04888561002767,0.455838258444034,0.387160528537968,-0.0920120041456778,-0.675902573278409,-0.374915198233771,-0.414140726213683,0.364715884691214,-0.6006007957833,-0.490949914028672
-1.53814122596024,-1.37755758335536,-0.872222676875768,-2.88198999799612,-0.975257240988885,-0.0349126718186936,1.05587452463799,-1.07235081663332,-0.275221036776487,-0.580519670602313,0.148077569761976,-0.301964127781274,-0.102504556471779
-1.83108449370326,-0.82764942328859,-1.60118543423303,-1.44802016196597,-0.293248578286162,-0.682192326571087,0.253428652181595,-0.979689729631535,-0.904720112668945,-0.570313649704674,0.150132357966701,-0.0838202111081082,0.315869217045722
0.0305207387428922,-1.25923399612215,-1.77938856866009,-1.2031820383252,-0.392497134782809,0.605379358073204,-0.569377231865906,0.618120143125189,-1.19857737484603,-0.30434370836004,0.251909057858665,-0.140434357597526,0.163287677260374
2.04449433424567,-1.91961759362888,-0.00734804938372241,0.719292863829163,-0.0808984436665775,-0.76237558443687,-1.07281106526439,-0.297708767325036,-0.609338189565522,-1.40350073495928,0.00823509082459239,-0.230224519720837,-0.38518042569031
-0.607965828485848,-1.90269154043018,0.67744694139877,-2.14701960600896,-0.0497621780944527,0.190827211242624,0.501705813892757,-0.0157708190377126,-0.328215590887282,-1.0456355292981,-0.879811993013578,0.290358495346151,0.0296890700442344
0.897695547224681,-0.761762632577595,0.571748468235314,-0.677450627310591,-0.142231829576873,-1.01466998238383,0.192768964153768,-0.0928982386705794,0.58911228818442,-0.6781135552219,-0.806354870918867,-0.203445801866776,0.126114352057686
2.242182263527,-1.87929122936635,-2.02612473796508,1.40366765619406,-0.729947860670185,-1.29973213982585,-0.343749093352138,0.176290646349074,-0.805356246544145,-0.374860196558623,-0.154514304813964,0.179013199271668,0.119628586483282
0.182868177486558,-2.42031868594756,-1.06673642472217,0.127059552225717,-0.533069832983599,0.0698039736132136,-1.3509544759909,0.225670764306478,-0.401264163977097,0.106502259280314,0.478400642642592,1.09643880375031,-0.0157448935709533
-0.810518651437926,-0.219893693164631,-0.70501662844135,-2.48198818659903,-0.58191830934815,0.316546704313859,0.36605914165757,-1.24309224121291,-0.99404780770087,0.127668411955019,0.231823701546173,-0.998089256219555,-0.284932393985682
1.97006318680866,-1.39933586664536,-1.23479301666757,-1.14906511398153,4.17487990667685,-0.491610770270771,1.45244840493154,1.0395448639049,-0.373326001150903,0.414942921489618,0.230820881489341,0.720794558663749,-0.495370048570209
-1.56779366172445,-0.882493727934898,-0.627228613533294,-1.16855006753695,0.962629108497357,-0.268652265680825,0.150397545265068,0.717782077896215,1.08627365254349,0.669455132954888,0.227755541452116,-0.45324781660493,0.378542474652067
1.65301884092156,-0.954021018576845,1.94709170441329,0.151780756289951,-0.784946941926031,0.315335432024715,-1.4874346880627,1.526643080197,-1.15546413644626,-0.702407628509277,-0.73616700928385,-0.462271643108096,-0.338601199965549
-0.723331955335037,-1.06065342459432,0.0801062584670563,-0.075805592693672,-0.179658973948848,0.542785557050753,-1.59440369065491,1.04933963002563,-0.895573152555961,0.386967534917445,0.0972190563045253,-0.176136261465639,0.260052574964564
2.55501976881363,0.259466626418043,3.36490197729814,-0.976644435533754,1.97522672292402,0.31116188406259,-0.448128905378358,1.12745211750792,-1.10879986471689,-0.133602175920837,1.77544716450102,-0.107355841023553,-0.248619545359886
1.82741265809378,-1.28425546720206,0.456990910844764,0.170868753255468,0.99840585025336,-0.0776388165955785,-1.37176937416751,-0.527523314520393,0.450361561961034,-0.239424241078256,1.06975172028223,-0.463453826831322,-1.0152929536236
-0.865551286816659,-2.43722606314141,-1.55893560855422,-0.829121008452289,0.705988471721623,-0.112047678779448,0.421990367492144,-0.0647122709638177,0.215631225342665,-0.940274208542686,-0.172542997960591,0.598076957248974,0.271686400777753
0.368973574091478,-2.14784815309808,-2.44249635899174,-0.125804166009838,0.0950317690363764,-0.555356937120885,-0.645991532234796,0.737730858835097,-0.779009484261998,-0.469773883199642,-0.383038305145552,0.221393117257872,0.249730956358756
-1.45327752329742,-1.37946047650403,-0.22666750049155,-0.694398056731548,1.06435975134874,0.816466625419426,0.931632730363359,-0.852882315257073,0.0486707474117286,0.0716906999134503,0.0616322752241741,0.343859119829723,0.118480803775777
1.25937829459057,-0.768681172566502,-1.18089335882879,-0.92327778779637,2.60624115098049,-1.5933012066252,2.00809368298199,0.171993960786806,0.156062699480362,0.574549622617953,-0.383601420071307,-0.186693105544229,0.114793217194006
0.375092281590866,-1.02415438665293,1.78941855938291,0.975791935228722,-0.136185026684169,0.659293398911145,1.18985643367336,0.332313771163532,-0.797435080932968,-0.584283987761848,0.263448330837938,0.0133027510292388,-0.0654378363243313
0.759920260189147,-3.36555996890649,-0.356464511900451,-0.365701314965915,-0.154006139825216,-0.244552132906431,-0.418735255889719,0.240756660397218,-0.671165837697054,-0.663578914201432,-0.122468014697183,0.484835042803959,-0.141707885921725
1.03166775614799,-1.44662897140294,-0.361990640977541,0.295761472804353,-0.305026793358888,0.100055817895847,-0.458007561970487,0.603892420208887,0.290248702732754,-0.0997952639260997,-0.133078045210099,0.360022071630209,0.160610927072613
-0.493484694538254,-2.3745452194709,1.33198580407017,-1.03805062791437,-1.03919518905815,-0.112457467869662,-0.644591879788462,0.945961171803797,0.528903789133263,-0.134385765241485,0.127189936868415,-0.0418122221827658,-0.316382508878342
-2.53183508116183,-0.0871973839420399,0.47291734964049,0.75646754999736,-1.12464398942997,-0.1801784064176,1.15304603125349,0.500803334518235,-0.200557278939969,0.149294349818914,0.0362315330956405,-0.195774244257138,0.587483712660506
0.83297043568931,-1.46952519705299,0.608377415961426,0.581312066100875,0.896655426166102,-0.880045371546223,-0.830753454419075,-0.559280737601501,1.20885813265022,0.840246590598221,-1.25645990584509,-0.211786760433014,-0.330273602215665
0.78568828256836,-2.02092573332855,-0.254006881020003,-0.807141231813145,0.258124404359348,0.157362064287345,-0.269264817359613,0.146660544476406,-0.517153455793757,0.134352440051571,-0.600454438574009,0.268731186797142,-0.279526291527973
-0.804562581410656,-2.22754674860495,0.770681796275095,-1.01086422019469,-0.291041306116334,-0.348610487604501,0.256206986826972,1.05473592474703,0.0657386922666674,-0.490348746849079,-0.021025688110073,-0.0891676306810975,0.149672514012354
-0.556472881611742,-2.36631035112901,2.30112021983402,-1.03240800664861,-0.475597903348392,0.236898826512035,-0.490317620853052,0.864036291053395,0.413629867576954,-0.143665328215318,0.316580543282023,0.788766664761615,-0.310184818798674
-1.11197429578471,-1.79717756926931,0.956554980802799,-0.330351908037942,-0.729452364229581,-0.0577830768373088,0.0875272555388412,-0.311638471901868,0.902130686872691,0.304686583959542,0.319627262365016,0.151795097493461,0.00753214247095206
-0.554159612143512,-2.65006452118737,0.846738350401955,-0.00318864653754194,-1.34247005491027,-0.0405000408698308,-0.759059779144076,0.4348815432252,0.34967844532732,0.677792495490025,0.617132207217673,-0.0736634981677115,-0.375549551799711
-1.34548981702794,-2.1120436479411,-0.0475182774865387,-0.464939029709199,-0.888040916060829,-0.495192843065219,0.754162664679983,0.121422211022922,0.616298351515627,0.191218504144331,-0.668235455465319,-0.179672669200182,0.131257680665167
-1.56008180204935,-1.84700434401334,0.778869932261806,-0.603377335922795,-0.515012576465961,-0.729958195432191,0.137254489013154,0.442433105797043,0.414513279293031,0.591594341477018,-0.407229628512853,0.443361542074233,-0.00623054804837974
-1.92711943780747,-1.55510868180387,-0.0890235513464914,-0.52109939794887,-1.17039602396625,-0.90341298277434,0.537355661853795,0.546492332360523,0.131852777451877,0.733022256318911,-0.433804621280597,-0.458576485894984,0.502522585878546
0.744565611690006,-2.30642555931631,0.114357180852531,1.24502663316822,0.262197247511765,0.515234475408147,0.208194803952012,0.195166527394201,-0.103418969685571,-0.404991738149287,-0.794181380215165,0.256023951734066,-0.362416013439731
0.954762094435213,-2.21727377126558,0.14204408437137,0.313159561471343,0.941486890069261,0.381749625557224,-0.755976765326586,-0.899913300645172,-0.096340283109724,-1.27072781543388,-0.172245883310907,0.215805777660175,-0.674226299339812
2.53670943110962,0.168797864267749,0.786478429414635,-1.02993172880802,3.72058388428969,-1.34787638499557,2.63663287403896,0.531610576970719,-0.157712326665059,0.528186612807408,0.238084541599306,-0.454719170924156,-0.106090204967841
-0.542422480010212,-0.367888775760008,1.30521407946667,-1.27440361907014,3.33737637673281,0.707498120469914,-0.350869264110489,0.113342247253572,0.995318003865334,0.0566515574392199,-0.675764329607034,-0.215120138162093,-0.487466340438637
1.02814946405103,-2.55835254302044,-1.08333421790803,0.263118758321666,-0.189309994189353,-0.401552588031384,0.0134160356950167,-0.0351730338445126,-0.180238028705942,-0.727492384116413,-0.393029780520372,-0.0664887442481727,-0.0283400710061818
2.24557492458674,-1.42871115751728,-0.229560680647804,0.918579892826995,-0.239248041786897,-1.03941567569405,-0.869174374263197,-0.758203688923042,-0.235852971150312,-0.940264259031241,0.496321599373241,-0.58343001685064,0.294405946256697
1.4062491551155,-2.16009839085987,0.746789806286217,1.19224799943392,-0.707860423113387,-0.608901016089345,2.08619382889341,0.58538624678087,-0.127889411379316,-1.20779664945587,-0.616429303136265,-0.0817461248368344,-0.0114188722149578
0.795475850715722,-2.37026257660732,-1.56370151682369,-0.0347184237114165,0.615355552851988,0.286836738124034,0.281299455020241,0.377926048737423,-0.112690625481779,-0.614425007093385,0.967939000570954,0.639100371176038,0.173276809536183
-0.547985924074934,-2.28667819827848,-1.49471890043732,-0.306174988128045,0.325093883395103,0.150333741098233,-0.410632502457011,0.797512447111973,0.0513538480574296,0.66657105832729,-0.0309611671357802,0.122046380966034,0.125366918884726
-0.16072036706746,-1.16120769391348,1.00088971298885,0.659824936863385,0.300337924469756,0.658662040264655,-0.496620442916762,-0.958527249016428,-0.323643677709777,0.601040987834931,-0.0248257492052465,0.0479474616699763,-0.225153963068423
-0.657938974740039,-2.67242260231914,-0.762769188075156,0.468632816580244,0.14406399737801,-0.452370713558658,-0.0475346469325486,-0.44176041235673,-0.230671692326063,-0.103079437735994,0.673947861466705,-0.566124249573823,-0.228944846436356
0.391250736777432,-2.09282809170154,-0.470522719445686,0.435827158590823,-0.302955852452485,0.248612844614314,-0.451921634926343,0.398811089868862,-0.174863755647819,0.737263462421122,0.719426218778753,0.510541611359703,-0.127902732366742
-1.7675131353744,-1.71245783120106,0.944369222138822,0.258782591412219,-1.00199897211469,-0.105722522751627,1.07600558793449,-0.409627591921349,-0.764561535507634,1.41810354885254,0.0127992231596,0.550117627524237,0.559119749910297
-0.365237067386073,-2.16325102611279,-0.479970296097504,0.397279783048601,-0.467731898130027,-0.193939539447765,-0.23960002659176,0.285608068283121,0.33724171528895,0.648575738049296,-0.277300522324519,0.604861813798168,0.342906321286653
-1.61611370982472,-1.35177020638497,0.286351238193386,-0.0259513403692121,-0.567750990806302,-0.579532976164917,-0.0773975424557641,0.687471826184039,0.0537129475640676,0.91904521676977,-0.259066343997522,-0.228358493732502,0.669880552929585
0.0823036148660642,-2.29974727647889,-0.462270978381852,0.887846514914487,0.339618528497533,-1.10937520976897,0.209774926389545,-0.301182148189919,-0.558991159710909,0.807831741165951,-0.0637741314568325,-0.180136927425644,-0.0363597609183835
1.57383546981447,-1.45792166802078,1.77463990837569,0.611858444695702,0.28717165944788,-0.795075357109366,-0.280446349988584,-0.615317495140507,1.26127742510294,0.311427102903938,-0.595607348116925,-0.233012531771297,-0.201012464017454
1.41657326452753,-1.41421730023001,0.138884054226905,3.42088954182798,2.19070462179572,-1.45301721948008,1.67729467413254,-0.0348841027197438,0.548950366218899,-0.192695859149021,0.742466550436626,-0.621469504789123,-0.360007168258227
-0.277918778105265,-1.92513750663663,0.0784492571009891,0.925908862933951,0.260760204921973,0.678084210592284,-0.845209495365273,-0.288245069084624,-0.592374912443213,-0.174976668342291,0.0893336964954832,-0.59306552785156,0.0650980871665509
-1.29947929100858,-0.761025551842138,1.99397175529252,-1.72098119859877,-0.73283902192167,0.485350766527254,1.13008878664097,-0.842581725631409,0.700271557025871,-0.504878959921714,-0.687306588138835,0.707942114875285,0.377962058818274
-0.455786147590489,-2.26303186608984,1.05835347935061,-0.835076403991375,-0.322540991810152,-1.0002949712876,-0.503012057896261,-0.738949689582133,0.422080226778887,-0.505540443492018,-0.15706852680752,-0.326899650913221,-0.203083883282638
-0.49279572939036,-1.93359062222765,1.32021390727112,-0.0614239786236937,-0.846519598617149,0.0330842322349457,-0.979370475508119,-0.955760482868639,-0.371716534823707,0.365850621804237,0.110298682893808,0.018501875704433,-0.0141784213267507
0.480718360927133,-3.86089273302546,1.3404898622501,-0.897379093403772,-0.929735055084558,-0.966643143493659,1.39916105142832,0.676882069302126,0.0969206622017118,-1.35037774778792,0.292723085742254,0.72122212682334,-0.271269374138536
-0.252177515125454,-2.81355567156815,-0.301788475433468,0.45667886510993,0.370043402187112,-0.0481287586603655,-0.566567453784161,0.141882236441149,0.160790595034635,0.84145595103426,0.471826848660687,0.292889510195814,-0.186327869664616
-0.10692601227162,-1.92349609077043,0.688206893394554,-0.272952517765954,1.06808399386186,-0.0371165151433441,-0.0126663282411869,0.359510103845885,-0.815249891885414,0.453181531999114,0.0034551879479836,-0.00981664939746917,0.303883014663497
-2.426168671686,-1.25360477177195,-1.89767429281019,0.867285397179484,-0.466825774608488,0.825626969785646,0.241262416229947,-0.636160421757429,-0.126388223921793,0.174281108748657,-0.324943161692022,-0.302106855599751,0.308446357061183
-0.54953935455902,-2.21591073234408,-0.355226778072216,1.35948494330631,0.216105988736995,0.570806650491301,0.9632105145171,0.193099507332675,0.487542636398577,0.464314932021076,0.312709026942889,-0.0161206666027482,-0.098549105948261
0.737541412692769,-1.40499334962045,1.12217995692334,1.201721555202,0.428711888052981,-0.105548469561408,-0.204449460883576,-1.38954683157022,0.64510580986363,0.21102507727681,0.379100307727687,0.140331332600675,-0.0634867577905012
1.33256273375417,0.252624308290623,5.33035189574105,0.238365113207808,0.235837279717961,-0.798726191416697,-0.598713012757092,-1.77377468012268,-0.414862001804785,-0.251102612269512,0.144435563492818,0.846435277443158,1.52910920812039
-1.17377591515635,-0.66209913753691,3.0017542990546,1.1628566772515,0.33179273880827,1.17630721641694,0.610827456302783,0.249549315321514,-0.28614623179805,0.170562938072815,-0.0271006898811635,-0.00126361149541898,0.145098221209503
-0.461034485027039,-0.616548968783824,0.482082469511493,3.56666322784873,0.128459079929235,1.51095873876455,0.760615998346602,0.248646090122634,-0.47121218968569,-0.232610269531156,0.200484951512042,-0.357627712015489,0.315210007245708
0.975721685495422,-1.44150418845279,1.47707033671394,3.77967308676334,0.498404319683149,0.118953353094866,0.18026057603403,-0.0998887102578105,0.790257471532936,0.017256090358672,-0.454504145901216,0.0291524279795062,-0.160329318905726
-0.0965374058712835,-2.10406268463189,0.433602973628079,1.05172847896535,-0.310568350354241,0.109824996245929,-0.531764557534832,-0.839410096481483,-0.441781679353324,0.293703834628257,0.387376974313281,0.0497610253100264,0.29626123530849
0.0383788837206422,-1.26319877689754,0.685643793955986,1.26930363029728,-0.352059063493684,-0.971168559177306,-0.814495584515337,-0.977474530174864,-0.518230841808675,0.445045152316989,-0.01871944964639,-0.566525853751225,0.646231938175406
-1.59266578203701,-1.20474513258868,3.35172075309752,-0.218660737100587,-0.638961000866618,-0.863698392050819,0.138225475759464,0.112540465498364,0.163808037512745,0.231930789792435,0.350869794498196,-0.363751016737139,0.470529941981485
-0.478215926305128,-1.93338680807016,1.29286051436512,0.685043798678719,-0.0603150777501592,-0.682236572117689,-0.409420995700764,0.300250809078321,-0.414215359647999,0.607576400293036,0.0595973178755227,-0.610677151343547,0.460969370144875
-1.78779033090865,-1.14705240716192,0.780598199275455,1.47461924179712,-0.502799635433265,0.992694655335547,0.317611641336846,-0.252378301776563,0.723124253615636,-0.0852176718236165,0.418116058128456,-0.258277437035118,0.105819571480729
-1.32336859204859,0.16990993649465,-1.1766940425307,-1.49748557844385,2.29880567107466,0.15242296183921,-0.823494453722776,-0.274277519881996,0.173524830626463,-0.0273754244946212,-0.53985295182354,-1.02219484389592,0.341326312385225
-2.37779336481857,0.373528925222151,-0.721786521594593,-0.307328047883729,1.33586367361782,0.718006683533721,-0.927204449725279,0.141089221943782,0.361397371330693,-0.472174258956051,-0.549575267755152,-0.393151167845355,0.470467849702199
-2.92867865089463,0.263119601227972,-0.167168254385774,-0.407623564600357,1.08474612271602,0.0940105270500183,-1.599142085564,0.571426714003287,0.350449143408958,-0.00124104461244062,-0.00547141873620391,-0.51943133993763,0.614225370704679
-2.14077227196925,0.367219070926176,-0.452026189797072,0.0483910596784739,1.72177512547995,1.02873775141153,-1.00570687807446,0.286582844918039,0.418597389382144,-1.05818005538555,0.0594117353687309,-0.687624851087271,0.188782523292672
-2.36320317558219,-0.458341881749462,-1.0983016114601,-0.854367267691985,-1.06400510870332,-1.42671617836446,0.338588763244946,-0.846302659136149,0.314992509272642,0.368017982534099,-0.0166300326691535,-0.666046613149569,-0.470567632291496
-3.05522315061054,0.352418704556712,-1.09603232835887,-0.738315432793612,-0.735632901846807,-0.838690751254643,0.714554301537817,-0.746852652507274,0.09924400450245,0.191605106526863,0.399597906234057,0.167195504701725,0.0734990611353532
-3.90473898331631,0.154147687302036,0.22120381041975,-0.00904281874578214,-0.361708400364422,1.12164717601009,0.894816984238666,-0.202480241722456,1.19908763807537,-0.448822862073052,0.193547647416748,-0.575857084867777,0.0283900403741993
-3.92539033533296,0.657831569442926,1.70739905125102,0.543949384799261,-0.535813349957854,0.888117906230842,1.46184776135247,0.0624790474230503,0.0644709131934076,-0.595186477470957,0.439964430879137,-0.0704101095625459,-0.162753365343943
-3.08557208893704,0.347861483745488,-1.0239429930356,-0.0711485065606931,-1.0563699641115,0.385868853300858,0.770215921021986,0.145920268736957,-0.526619070514677,0.138563465628685,0.126253624267022,-0.0839465697105916,-0.141084453827934
-2.36779236968985,0.291159026862502,1.23842089600074,-0.746699190730438,-0.414410111587127,0.425646784224731,0.0732695480431092,-0.33080790067076,-0.53745518471928,-0.0822701399011411,0.541792330266705,-0.219953066798376,-0.758900946227188
-2.77099629938406,0.285998106522039,0.607955155388128,-0.876873331343465,-0.552864372001544,0.733689229880938,0.0101834867927773,-0.433591468666612,0.151775327603541,0.741411197732622,-0.415999046325484,0.0526590974794874,-0.388197057126422
-2.28012931339022,0.371460000571081,-0.968909853859765,-0.37039290200024,-0.337141332939083,0.910251073203903,-0.962083802505492,0.149857474741778,0.241378773495942,0.922159990559904,0.079433264032262,0.237069579975567,-0.286267648787346
-2.97723506437818,0.487841765231785,0.944289205196126,-1.03331073999731,-0.583500757338989,1.22422012896327,-0.230969547467415,0.319749903741201,-0.508704747979352,0.262177075070843,-0.351064180655517,-0.245682041982068,-0.27840572253014
-2.36851340595321,0.480976938981237,-0.252172645262888,0.669261357784333,-0.626325116999135,1.55595128534051,0.969331360446872,0.373518744062994,-0.513922274008749,-0.508339092182116,-0.0760289066196496,-0.280528720618785,-0.388997899004365
-2.20364929520704,1.15678934015718,-1.24162275702528,0.31794131381059,1.68394319629769,0.330143249197562,0.00933142174996904,-0.286087446956923,0.997577368789597,-0.209950832626234,0.495547412704525,0.991122739210206,0.03742886654107
-2.61823527696861,0.561576623901961,-0.853553310277584,0.274908542071427,0.649280665336314,0.4460613317589,0.575030092099298,0.397908169017798,0.32256983377041,0.759527663242132,0.639282813688846,-0.863363524222539,0.0275693399108795
-4.2685975768988,0.64784347527268,-1.45409513364911,1.12499083819873,-0.35854284366379,1.6120963636942,-0.075108849095951,0.761918633715405,-0.0984665500633879,-0.0237775676272165,-0.594698616747112,-0.657935857359659,0.289983470111207
-3.57256359852983,1.26912270677121,-0.110472408209588,1.04695570806587,-0.522079176841442,0.598485345331813,-0.187935679415338,-0.420160733188337,0.42290248763578,-0.150509484106494,0.221453413734861,0.280291017655966,-0.156167043443997
-2.79916760396144,1.56611596172983,-0.47119873943671,0.625593725471392,-0.259441144573593,-0.551686670709451,-0.448199853824846,-0.12252734307528,-0.0445015038670778,0.0218065456451096,0.178231672533796,-0.158062986565062,-0.235003041031522
-2.89150275052853,2.03531562664122,-0.494564702520025,0.469830280561845,1.43482972651272,-0.178041178429322,-0.392412911375274,-0.0459290944041779,-0.0902228624275131,-0.60880965407863,-0.0763639086798214,0.351868000241576,0.748213898375928
-2.31420887085633,2.34973774716454,0.436450568905278,-0.0521127716612808,2.22814187303946,-0.0765625683514065,-1.2698565858364,0.465156276552468,-0.303792459353027,-0.421752138876477,-0.581149246210179,-0.176744831241036,0.737942975460665
-2.54265841277237,2.03952982198261,-0.311389605916083,0.38588315213564,1.84232563651843,-0.977272379353163,-1.62261446303635,-0.268904701464455,0.147386439558853,-0.431438044230152,-0.412622901063396,0.590800397256996,0.46327036693282
-1.80744270572726,1.52334876209868,1.35875689134649,-0.188863145750176,1.74446626718399,-0.967562140933943,-1.53751365619914,0.0792671107926954,-0.367737047184355,-0.302216231358294,-0.457901037002769,-0.998859153959502,-0.222630109572319
-2.75238050659446,2.13291564838871,-0.961915240664584,0.666505978493281,-0.475699800485534,-1.79704419505783,1.01554134095131,-0.370713380357914,0.0132690807075806,0.0957092122564254,-0.120970960748583,0.442611189230505,-0.0570225367467502
-2.72945104659534,0.408733283306978,-1.18705614095123,-0.66118009456829,0.457745531453353,-1.87659660200872,0.023272553411032,-0.392089748813941,0.00228306670879176,0.835469288925693,0.358689211246552,-0.0121708316957757,0.0863902867795202
-3.59472856998581,1.79731420974144,-0.0937723408082149,1.26527129492857,-0.60775093941525,-0.19139289939489,1.41443282276483,0.197318730605307,0.174172452090125,-0.186066339786001,0.577715487015605,-0.00361002202345025,-0.00864208287087658
-2.88169707501281,1.91980307887748,-0.780121925113933,1.32099902095975,-0.569636079693419,-0.429394404560627,0.217242924116262,0.136616788793194,-0.348358840396228,-0.144780344226119,-0.659578728422667,0.04236773563436,-0.176074255840216
-3.38261412804098,1.30818615222258,1.59751955781019,-0.481483935689237,-0.668984260093738,-0.801305101694432,0.0955669334040975,-0.107464040207917,0.42910199057174,0.309517272244537,1.31553468711411,0.0207144536496014,-0.215383356866766
-1.04523341872921,3.50520193691751,1.15677544112028,0.932698364189508,-0.896918435272016,-3.27504280516192,-0.640656143270497,0.520866777719095,-0.94061354995313,0.350894491457466,-0.281045873594043,0.0880144189953663,-0.812886568711362
-1.60538368798998,2.39986841857009,0.547016628931538,0.752187852255713,-0.992407383958614,-2.91126472992531,-0.709055951910344,-0.137140794823925,-0.189015671115435,0.0797222139335351,-0.365731235754613,0.0854978345356368,-0.810275531613663
-3.13428951191097,0.736084637687931,-0.0907427495081987,0.977889336939672,-0.408660735950382,-0.397800186874466,-0.0738229786527909,-1.09011524930777,0.155359572473511,-0.619307520154921,0.465989785687558,-0.112859500421009,-0.317937600756339
-2.23385545791818,1.17215876880337,-0.101091764751202,-1.16200085128312,-0.263705410854046,0.79878548351709,0.538364032340841,0.132231234263566,-0.554027438244177,-0.246126739839991,-0.221436972694335,-0.101839509948742,-0.437275935329598
-2.8396634261414,0.554479844736744,0.801953004848676,-0.895362356428509,-0.254084574610541,0.287756308985021,0.86532142921957,-0.251275282524822,-0.317714358025645,0.251911641680223,0.00682221562590812,0.315748794114157,-0.228603203372879
-2.59019044004634,0.696002198467203,-0.882450234846099,-0.273457357272084,0.770063241135353,0.717817553016247,0.271733724338787,-0.259808666434583,0.338537131842612,0.224169920370284,-0.212061212683518,-0.168327299773743,0.0573304926976884
-2.94100315593217,1.5509339655631,-0.980634474973766,0.0154368015599337,-0.363057967498449,-0.489824258242969,-0.983161708939076,0.783586914481284,-0.355326136309899,0.00763298595442321,-0.0734833537191551,0.476401025543271,0.100991274067801
-3.52010247940368,0.880044296782447,-0.464718213429851,0.579155895245727,-0.667077973030584,0.457523688025439,0.520751690042348,1.07210334059648,-0.485071110506073,0.0341802280380113,-0.00625114987225253,0.120136435616469,0.0808598445101378
-2.39934228363786,2.58506401945767,0.427021633980747,-0.183816567114108,0.446401877608803,-0.567904278519972,0.0357013598504627,0.671351245520544,-0.167534421048762,-0.863419749744259,-0.0971709928306196,0.797403434028297,-0.0902386911858816
-2.92084537245454,1.27086199861469,-1.20994516130794,0.294485339121097,-0.266597886920481,-0.380140778719341,-0.642508297249574,-0.000551356376998235,0.501117491763168,-0.598336499543412,0.0754255529496624,1.07661920359666,-0.112673490660016
-2.17527658443826,2.07169331434286,0.761634073176761,-0.388497417275927,0.358861297356951,-0.627796848683712,-0.751203293158041,0.923468697383523,0.109524581699695,0.216024965573854,-0.224580421154494,0.152651832463647,-0.148077986367757
-2.37423036799742,2.58138565306432,1.41405514950083,0.586846511887506,1.12482381591433,0.980878025419759,-0.927855274200727,0.293177850239138,0.00251856752101684,-0.706795795832998,-0.15196218887752,0.250894583420458,-0.394913655399778
-3.20258311215208,-0.250542354489901,-0.844746224335957,-0.216454761740971,0.607381863314277,0.394265555584487,-0.291028344303691,-0.581266587675992,0.595443561773572,0.154489700222975,-0.198615484509459,0.244754483030189,-0.0238305636919139
-3.66757293755117,0.845363176010534,-1.33565251551756,-0.124823752316935,-0.484744526515607,-0.855545817902421,-1.02275494860749,-0.674185228725591,-0.0205652439736,-0.027260063870291,-0.128627190017042,0.802328357946776,0.0258956267363337
-2.45862032495413,2.1876272694784,-0.916196480031312,0.017974291678796,-0.699237057686909,-0.678939794989933,-0.826866628391457,0.295682047378636,-0.325916860412244,0.273387534933235,-0.60701054543921,0.0983633056155485,-0.258469201468403
-3.36104304608341,2.21005484019807,-0.341605883184992,1.05554926085321,-0.572548807711111,1.10566945917502,0.955719862252663,0.145686503343311,0.0224343702792068,-0.303261895604295,0.138836000201025,0.170305497987267,-0.114104734349727
-2.59463669227798,1.75228636129724,0.206997440027131,0.348513307302165,0.254345699019349,0.0263909318239979,0.14648034334318,0.550873093739412,0.0976937927748643,-0.20548114909273,0.257471452209285,-0.278645029260705,-0.186844213250843
-2.67030684549029,2.75313287400681,-0.938295058841169,0.311157009656257,1.26777875114284,-0.272299798437191,0.677324753830807,-0.0468915289266349,-0.00121870903597995,-0.247299709032641,0.511050412829815,0.696800859788707,0.0718749442135513
-2.38030254326328,2.29088436964069,-0.549147118845368,-0.68634844096702,0.811665607706163,-1.17546712555975,0.63219193287897,-0.389729394155036,-0.0572860753994352,0.490106968664266,0.298978585258566,0.338864756861324,-0.0218042533167686
-3.1997321036619,2.76113074733832,1.01106158064581,0.595224130175432,-0.892674460352847,-0.295259293070684,0.00572510725654301,0.292089784014366,-0.739574172867738,-0.117637178514908,-0.22931745408137,-0.188256912705172,-0.32305342548058
