650.022122065387,1585.51909007408,-95.3906437464254,-4540.78048148379,-356.637118367208,-226.711848043622
-4426.80497936534,4042.45150883997,1534.8047439325,-2567.65565912706,-44.3942825917561,-468.938016515229
-4841.99870680487,2578.76217599843,3801.38479014208,-2273.49433696647,5245.38543779785,2141.1233287495
990.346436886604,-6279.80599663187,1396.95981496131,3310.00607414618,318.152336306904,-247.816335018518
10657.9987311601,-2159.72581518017,-20.0429822291664,-172.715386145611,3188.71712207454,510.145094690368
-2765.96159270713,-959.870727133925,979.704873897431,-4258.20294122252,-224.100167178315,39.5276252018817
-715.550892205143,-2013.0022656678,-3259.03437982304,-311.462140325299,-12.3015999983264,420.87376489038
-4474.58366697395,1429.49697203764,-842.633868628587,419.073048148805,1650.15128575255,-6.94735096327105
-6712.09539718172,-2205.90915597646,-1403.8521846715,-889.700036241031,365.662530143523,-556.576492847813
-4823.63435406527,13480.5592048884,-1375.78263772751,365.620287323233,773.353878493345,-677.9519536233
-7974.82898454823,5711.21892517987,333.840504392679,3817.57444624716,287.940449749719,585.910783672151
36.3937790272462,-6037.8964094669,-2635.58318076226,286.348577289288,287.824334251491,-743.6758109124
19940.2020501851,4591.28647966452,-3038.78247328312,-5287.235750047,664.133880161527,-264.571838245955
9396.69557901742,5913.15703681244,-4401.57936875708,2593.14948554413,-750.912543695821,330.761934762241
12660.3704325907,4541.94543497082,-3777.0032216877,-2827.57778373575,464.578389037127,405.538228930647
-2997.72589990559,-6093.8792993993,-2770.04827861148,-447.050268641724,284.587413097328,-175.036661243441
-10589.5235586218,6584.21594303211,-206.336675203457,-1571.00166869369,130.896175275476,-727.69062281256
-6367.09518028792,-3680.71267259488,2416.40745261776,-3739.13057122918,2942.32350810204,519.498119971814
6623.82533598498,1254.71952554479,-1627.0045659736,-423.865008841464,1864.36938003182,-468.022286895634
-4861.53156910989,-225.592265914975,-3278.7381847055,1289.71731068906,646.583013109149,-1197.98722724229
4794.24416306122,-3988.79935783829,-1853.52926499341,-2066.72735973149,754.632835486176,1096.53806980206
-7244.86683863324,-7347.72325407403,739.672614886942,1064.75643405614,-272.427708731488,71.611025511745
19299.2656835783,-6936.81067606908,963.665214205745,4352.84900919484,1207.22470785683,2258.49162475866
19941.0882358797,26312.6546016657,14607.4329542403,-13836.7132963946,8794.07721890298,-1303.57722897989
11493.0748500699,6171.38650906281,-717.271515118019,-771.4490438497,3559.40230517028,155.619790142793
3309.94466890775,-1161.25675156793,-4139.3958080215,-954.918428923544,-752.569451538908,813.916173607734
-2968.63906246591,-7158.86853589112,-286.197162765217,969.6067685063,97.2999105028448,-261.735835544461
872.160230637802,-7603.88819592045,-3163.47213450106,-780.435159337037,416.581232786763,-505.802870055234
-4895.51896784113,24552.3735540616,2437.67369042128,-2849.47599644298,2634.59655058238,-2077.97125875952
29261.0930419485,-10083.3375024869,-7135.30645990307,-2381.77269279203,-464.601435796738,1051.93275293958
6394.1488790495,376.417321574373,-4015.82501735536,926.600431958463,2739.14731716173,-1411.30828202458
-9813.27672807114,-4162.8315361954,1827.86123866069,-1407.89662520815,-175.887031394488,-71.6776706419433
8061.35614323615,-7976.99061785203,-4526.11922919293,-1497.72195814037,-56.6602404715475,338.050058248348
17605.4509809041,-3963.57178345292,-934.128492042751,1283.99267167667,-732.802200509824,-1702.46049101487
-11528.0156007562,-6048.97824912165,-222.995195756709,-1277.82002143799,77.0464672963131,-124.524464495309
-11315.5164236309,3970.22692611975,-1186.55454689335,627.641540617231,-41.7123656998673,-594.31133967354
17225.1667539396,-5190.81924087335,-2909.40797321444,-2006.09917702475,3159.59205213036,413.665253207622
3692.39104396677,6864.58647345729,-1180.04648041154,-1693.01616773547,-1536.18687813212,958.173968529765
-6058.9388685128,14122.3077634069,659.828470591298,-4147.63932398895,-1675.86329778618,-828.480569606233
43223.0973335813,-14003.5946400629,-2724.13276889677,2939.74467982187,-465.71230675505,1903.87842164088
12657.2405365327,-5035.03288992474,4169.15729486293,3055.48868403532,2516.15888913341,1275.49558469869
6484.40573624539,-3747.75427031469,-2441.3005666301,-29.5108358946813,1584.26702388009,1082.64678696257
-1047.2638728979,7831.4600459909,-4130.7634982638,310.969853449395,-772.046402050222,111.94515547576
-9967.85363899548,18648.7624163755,-3095.56933529229,2625.88518590273,-534.473248755449,-1575.03222967886
-2468.70963523327,3417.66822467643,-2227.27718479646,-1097.51771895591,-951.595890835659,-21.5213074865678
-3853.45840745738,21374.176102603,4871.79437359056,-5369.41226481319,1520.32407344753,-1435.46733048024
-7070.6786135905,17409.4280387491,122.202575918438,-32.4919370487857,134.781575514378,-2802.82869179543
41411.316306689,65788.2978858833,6192.18818181175,-8646.17513121522,-3668.66039305796,-757.146010993945
-645.59835805827,3328.87014502405,-2785.55317112501,-386.803791280163,440.251120523605,687.118026134067
-3979.6486758025,28779.1942254258,235.22939628101,-1131.67708571201,-1976.49821347865,-40.0640649355636
-6354.52090266551,-7165.28451204082,1480.82058347723,1190.21776021479,973.235159469865,720.531192241426
-9226.06331997352,-1181.10994411518,-1176.61082150446,-876.116365163439,120.651094748675,-1218.43758236294
27289.520965913,-5807.65128648301,-7338.43174002743,-2448.42550734374,-15.5486617952451,1012.65094646347
-10914.6928036315,7389.76246645625,863.201389114915,-2263.35810845229,-1440.49847505355,192.453660936088
13981.6443117953,-9506.07390140366,-3259.0172472496,-896.558938737296,196.835281400997,462.383983744094
-7343.5001124929,-2895.73986117441,-437.803677147052,-881.981968098978,324.746466496195,296.629972152574
-3819.71918845814,33191.6042055907,5065.57860977363,-6195.85865640344,-4897.59917776047,4186.48409843266
-6283.3692830431,6557.39318367031,-608.948627151854,-2698.27870009162,-859.035482280651,2697.63729119719
452.703306389242,-7975.48636201332,-2064.33308367698,-1945.22109851551,-162.625040128679,111.723524455493
-6217.6409291313,624.920482543988,-1321.08960903616,-1312.8201659228,874.153176581566,43.7969835120872
-4220.19177648068,-691.381753022112,-3508.68382946109,167.079916641429,-191.066938731534,751.117763315166
30398.8407055172,62369.3728998572,-6509.26746870017,1024.226981586,-3265.70451643619,-1050.57397460667
-3993.2512816461,0.921012118642486,1732.9955967826,245.741190940979,-1250.57078307116,1401.9562174891
-1434.56579061793,11006.4494399932,96.1372803723884,-93.8752500870234,-1053.22196197482,664.364495028703
-7828.44704739307,-5781.64159245825,951.749895795715,1673.17092692982,138.720107691587,454.574305642823
-8087.40658819809,45950.8390861945,-7148.0010036993,6159.67909124963,-683.972904369426,2273.43544783489
-12806.8816925182,-1097.57006850427,-2497.89686316291,1299.34262925361,114.546935219232,248.242672837238
7843.17115142531,4654.93830623728,-4396.208330494,294.115907954275,-142.390063151425,-410.912947270915
-8848.30877307237,-1942.3162292825,6414.94519052882,-567.502652515234,479.907455386821,56.8758118995427
-4760.83262460548,-7071.54644050883,-603.689549197167,-2211.72917339755,-702.805292657929,442.30319793807
5008.66283947127,-7252.02733275035,4480.17697426325,4930.22603041661,-1311.08937495837,-199.622450785497
7622.96608230113,8144.47143081072,-1997.06388818699,8992.56090307779,14016.7829661006,-536.364290416171
-7004.44667065363,-4300.94474663342,6558.12683275519,2298.34570516447,-2778.28103536851,437.262498346718
8430.18240327988,-1449.17799711193,1941.23181962975,3226.83204933046,-1387.83898476826,-2183.39547376781
-3789.21187315183,1802.2321117602,-552.606654295896,-808.112289906707,1076.47336028024,-1645.93911991236
7333.17054779931,-10517.5081391803,-297.020042510873,116.350027542439,-661.069225822353,918.489490996024
-10720.7451816695,-1955.60871934073,4765.80209428312,3908.68032105808,-669.128671708003,-1678.5224764759
1867.851003653,22634.7158468088,-5786.23533906764,3220.27276076283,3.32976804445795,-880.359900802491
-2350.45336803594,-7748.30298735841,-1067.26349091261,-162.466075812106,-478.084354012477,-68.3168887865921
-11004.3108366987,-4012.72114591039,546.563825842732,-1218.94841053081,944.622934065903,228.578140616606
-6238.53237290263,-6625.74326961693,-1982.41179403552,-465.841067932932,437.91448877083,-159.950122308076
-11207.1328658674,9944.87021142836,-1155.36004384887,-538.509997463392,-1206.09178779176,938.358119911375
-1300.06307822069,4621.1808281452,-369.072099039239,-2429.3835630998,945.243424550236,-640.447379121758
7623.49955060401,-8762.09361350034,-2315.53304259784,-773.267140286369,-310.313995203395,575.232670904035
-1013.46192006876,-3353.32315389235,-2315.88929887181,-630.73003134385,-1068.94011452293,1804.30188218867
13653.6774106656,99226.7341246445,-12345.1272808274,9910.18198460683,-817.435012088112,-2736.83378432492
19878.4566325864,58470.6245382639,20727.2313346173,-33863.4903077792,-13746.2083824077,2758.66035273274
31824.2468402878,-3533.84401631266,191.383393638782,888.792693786418,11003.4679764041,2763.04627333668
-3982.89851006341,-6443.3294903405,4032.79119549685,6028.46354881816,-1751.15861188624,-953.561229519031
12388.3208067178,-5242.15782640536,-1351.24939575359,-415.438276609879,1711.04031158419,-325.096030845923
-1617.62381325565,-8542.81896103742,-362.727280668741,793.447247323333,-489.608267619719,3.15238945207314
879.263411212346,-6745.80158060687,4173.267252386,3196.40259896889,-1407.3148243818,343.456036935147
1529.14231528309,35961.5136705484,2770.77477745393,-2411.60571500819,-561.271924492118,4254.22750406967
3605.22081372377,-7380.78952623694,24083.0137615381,19761.7466623477,-5754.88330037152,786.993970333062
-5777.89750133959,7364.93276654774,633.271628665794,-4118.50696870663,-1655.19453981545,-200.313597992637
-12606.7595199245,-2424.36794825085,-423.110299880189,-360.056238279583,888.048921911061,-1962.30936097044
-12613.444234544,154.707512750471,-2192.62669625568,900.755535219159,103.216982657808,327.928902386579
-12878.3461168996,-8262.52235412786,-207.805832141738,-570.085340768593,-111.717318995246,137.534937854106
-12764.4405487646,-8215.97014439419,-238.845234599327,-342.421859184639,-21.3075784663722,96.4936564122069
-2769.08837584628,-7315.99087743065,2279.78039208178,1448.23559977595,-1309.52970448944,-41.0229960034245
195.053488037936,6238.74392831079,-571.582655796309,1166.61294024196,543.774600382611,3096.02066916381
-9444.12628719475,11579.4485219311,390.706760996637,-53.7193679975543,288.204649781358,-303.986513265785
-8891.33102045171,1754.83800144114,1282.77123047983,-225.821271936059,-400.259777452289,1377.70494569003
45183.3111011778,-6064.9360928556,1940.51755104832,9429.24274004899,-2195.0573794293,-384.756628938364
1007.8526102285,-6099.09490718379,-2232.77200352339,-723.766244289652,-235.685764910267,513.764391225224
2357.94463904831,-6877.42846519307,-3005.94171351467,-361.304730745009,1188.00799882597,-604.436263417449
-10518.7101342124,5065.31841362082,-1419.71587180868,-189.763728880771,606.777251734701,2166.9142956533
-2254.08153998894,10388.5339830456,-565.812177360185,129.419325130834,-1035.98016330674,2210.23790286737
-10415.6359303334,1656.48536891829,1440.61130364478,-3481.10320125487,-81.3482227606306,-295.652097389579
-8181.09337272771,22105.0139036819,-61.0486920834695,-542.183893073164,876.985788744752,-11395.1596000145
-1159.61935398812,-7873.01181174372,-336.362990820452,-585.526161434733,694.265812877541,365.903987287044
1430.40493942692,11381.0822954928,-2395.84845808041,-777.374707458991,201.942459494879,-1037.67598209373
7154.59748654946,-7449.09177154896,3664.99278555671,2954.29390612321,-65.5213643952529,766.376724763041
1614.75401008228,-7669.87430608817,79.7722072640345,-424.332847194156,153.917170654644,721.680810225179
4887.21945191645,-8666.30366691134,-1720.28416705741,-184.166467724139,358.990382626687,215.46978895136
-1856.04098156104,-7277.28032657975,-1009.07787814163,801.842254259762,16.4652720848864,-324.17347259989
-1795.16192931577,-6096.97170373508,-1208.61924891547,-938.929364310344,-375.634790621704,-621.525536645583
-5507.08097513987,-3330.5764695419,29.4299258787651,-814.646782892397,569.349943474342,-1306.59950239994
7365.78054840304,-8157.14198291829,72.3811342321997,1196.59661842517,-760.049070569678,275.105266699032
-4346.64415137857,-6826.51862441101,1379.81405681176,366.395905257401,-622.616248781107,-62.2377012825236
4095.12304038899,-7411.37736155627,-2037.480624546,227.354092649424,474.586966348938,-370.275811588215
-8671.85817030225,-6389.21962085787,1590.09214737405,-1237.05857254111,-857.350398301125,-14.6981040614195
-1135.39573937588,-9863.06971258218,-1141.91841914479,-401.478546843635,120.742649339771,677.892570654624
-376.597995627645,2923.17193166345,1612.56714398509,-3526.38906250458,-1744.76992315931,-1701.54118394128
22959.5479678967,-9515.31285465747,-3297.30239418099,552.120366891306,-134.354324241452,542.28107747544
64420.95895419,-10008.4615985949,-2544.7482290604,6892.29135911825,-3775.0574313549,-375.478828909054
6910.08427558995,-8731.65797290574,2310.85419207689,2843.09980128194,-1877.02449345157,417.473897431804
9339.0774257558,1719.40727647064,-2823.72917317378,-1819.62623877599,1701.14335495546,-1158.59266810647
-12003.6026324973,-967.780606541332,2660.11478403365,-5157.36365521515,-1464.36098175701,-620.822365288095
28445.0713817209,-11650.8526358345,-6497.7558042991,-1793.57844156071,554.52119551288,1194.59565447816
-5121.94525001933,-7750.09717064312,3800.15932015105,1392.60454168207,-1160.62192629579,730.317285520679
-11246.3089060523,-8475.91663264761,-497.546456306552,-1247.87825451089,63.0389210959851,348.529766328832
1593.44616052384,-7172.26342770964,-2656.27426109114,-1622.28667648967,-306.005380081756,391.238708688409
-3955.53138644481,-8278.00823990287,-1779.3078371045,-1417.43753379266,21.7531551298739,256.555168202218
-5739.59608570592,-6974.08068237788,-959.144828447467,-1372.08808504168,144.488619916997,-330.6016643301
-6795.14623338762,-6805.69857684097,-951.677023277831,-469.253820830747,25.0493886173173,-416.840550821645
-6688.47669408507,1360.82858655748,4157.02080427528,-927.530044768814,-820.223630317372,-184.914632372315
-8860.55795208333,1587.58150457066,962.836370177284,-2827.5750613169,-653.959030891543,-2662.50901843709
827.633995359622,-4002.00672275971,-1305.34313855927,-2479.9081371597,2611.63039722163,-594.361695014189
-7207.86515779717,-4025.51216762913,720.290135466774,-2700.9286500898,-51.8677808110088,-326.759226196318
5234.3073617013,-2523.08150016356,-1463.38036698072,-320.901009263054,1689.46037521663,-990.105216734266
18276.7276032255,-1286.19967692031,-125.627799526066,-8819.6834668726,-1126.24250838551,-1347.46592607758
24535.964472403,-2970.18133600046,-3763.29248767393,-2256.56983085523,-1411.13227454244,-2672.88036159365
-1737.81221933763,-8307.72888434031,4022.54907785834,3318.20812308358,-1988.97519560285,520.484002371832
5519.17269458788,-7292.30208680369,-2656.09728094163,-3392.02914591706,-706.102359700036,177.482147264511
11436.2494824522,24516.8562514798,-11201.1041187445,7419.43275580564,4928.41717801958,-1767.77834045549
-5330.76106352769,-6981.4056843845,-863.472679128988,-1284.41439901068,61.5492778446461,-306.758444219308
-3675.50707859628,-5631.33591744413,-480.418514041194,-1689.98916084343,-452.035862284971,335.422832970791
-6927.97753171623,-8711.53374850001,1392.80791285357,1105.30936899528,-707.094279804267,583.009907466843
18097.9647058411,-10233.0400159613,-5105.5427318271,-2258.207427344,558.24887077431,582.595994561521
2913.47483372115,-8221.00015846865,-2233.37299864037,-1765.39150808906,380.436003300638,228.286789201885
-11475.6349349973,-5519.67834307594,1081.92973149115,-2223.65731379945,1056.53358668827,94.3284744510073
5762.27033889308,-7721.04391252295,-2062.78985569799,366.035695454335,-670.080726182711,-325.518221850527
-8586.25530206705,-2436.88124929976,3743.75687804143,-5837.97076561213,-325.509808003459,-206.696415775896
-12827.6258655312,-8758.27338614226,-723.128735718787,-1086.02407418656,-37.348636677901,277.188787984188
-8926.22096252456,15697.1475344762,-2518.16198868946,1032.06066607526,403.287894558507,2654.15565340636
-7948.75903437858,7460.8331345051,-2980.23649913197,2015.6615475318,2673.4837819839,776.121210333324
4749.16150250006,-7937.00896550522,-1450.82522928591,473.211786632333,-721.81436274084,396.497563199466
-9052.09767682366,3143.59543572901,-147.963692173044,-710.882540341975,638.332369013122,136.363988819815
-11253.9417465599,9297.00243959853,-2121.91492273507,855.959065134785,-734.768943511154,1153.54816366263
-10304.7680819692,4395.96976553098,-2344.11311941922,2408.83373811102,2134.93176331453,-609.824782379497
-918.497458441828,-9596.54958565178,-1267.89772081976,-1227.68631726513,1516.05588662229,987.724885266377
2284.55343226324,-6476.17250304224,-1356.72215719648,107.493407195734,-146.431358028737,-678.464281107675
-4207.29822353942,24216.4149582186,-2024.98391321114,2149.47228818034,-1971.23806816807,943.948107159344
-6533.69901917312,2391.30262356266,1050.32778003069,-844.322705646145,-1385.26767896375,-85.4644170758303
5328.07675326796,13808.4147289698,-88.593475848117,1380.56094363102,63.7861354445165,-1138.43158652208
-7010.47203846472,3126.45930188187,103.039879287446,-913.108334568904,2082.01332911758,1710.32057221322
-9919.35360138564,-4355.37399509894,-309.237826947063,-1585.03346964348,-2.79875915075474,565.547305799537
-7409.95742656374,-8446.39604845623,-440.41918035321,-638.234195645376,-70.8011369743015,254.480334523097
-7539.45722168354,-7382.40705708151,59.5197031289979,539.680342990881,230.839339745223,-216.878026550142
-11187.8401631458,8450.76309217236,-529.030776582327,67.9321803216574,-1050.20732628456,723.571536439498
-8450.23896539864,23194.5695423683,7471.14380952395,-8787.28878654374,1653.72038676193,621.409000829664
-11384.4089296212,-34.5742055392767,21.4551129359827,-1623.67052619755,-124.154485126578,128.482998294467
-10688.8294403092,13838.7004525007,-3434.53208754684,3392.90481326365,-16.3268245194814,701.087544077317
-12233.512929469,-4134.3286787866,636.119222923395,1669.48848267261,1299.29567945616,-1323.91572783798
-9398.70791216866,5670.93589780904,-689.593458104853,-1204.41286769318,916.262251999136,-681.981614377182
33479.9972666502,-4851.30807075271,-2046.58052599579,-88.8172676200625,-2853.55649485129,-389.430380289915
610.809930413989,-2864.0542858031,1544.75130021363,-3608.51301397107,1028.26804511024,-851.833946168983
-1354.91892453878,-2566.07743171975,532.598074152501,-3542.84039445531,-765.043965872701,-1554.6133201698
-8805.26789462007,-4601.16027299232,4337.27817200467,-584.628026039103,272.223244063192,46.9973456023881
124.201312837668,374.359619035359,-1440.24585656977,-1793.78647424131,2159.14040861415,-1392.06416719335
103863.425320041,9910.34962857253,2788.81492856508,-6749.36783736677,-1807.54273925711,437.129085224941
-11073.5899594918,6066.58975297249,-381.732513043538,-1399.58389116303,-1477.56472026441,1784.45599712168
37917.6592243726,27331.4501618084,49233.0330949844,-801.632298697813,29557.7099968319,4555.14219103047
-12731.9529295616,-4664.30037677063,-1558.27463815125,134.262393719581,459.966158458453,-1349.89570284397
-4283.53536487913,-5536.68475062327,2473.86469727396,-3789.64044127091,-1551.81950818143,-93.8485262634438
-9836.43603838363,-7912.08783315558,1326.31695200366,1102.5674001015,-339.31003238677,1061.26561785256
-8576.296135609,3687.78298300393,4051.28893614676,1861.12865530181,-2215.74375541318,-850.397915481595
-3566.25438576332,5632.68509374534,-734.129085671859,789.858082049514,-1494.08102123553,1487.14632107807
-10395.7071638414,7436.84040140929,1818.66521315792,-3567.2785630465,257.340908395832,-788.191703493078
5076.55293041846,-6049.62503187121,4190.21941004069,-371.00816521355,-2831.22616201713,-222.890563171838
104.045799689458,-9119.28085381527,-2669.18974961779,-787.827094544728,-211.811843026216,25.2637349254155
-7656.85276852505,-6877.43313827529,-1047.95907217652,-1080.96177627983,164.027137235738,-292.055416745544
-11463.3249105032,10541.4507480454,-4782.89215491643,5681.41851054463,1745.38984439701,-3051.96224478249
-6018.06674496058,-6634.61021706732,-1403.38685808374,-408.994430300304,925.881750032045,-204.568721705292
5425.2051789753,-3984.53342051526,3544.86991470288,1919.04410299053,-701.76319612013,-878.529458385704
20659.7740898282,-4656.35720985117,10222.3811976553,6924.61764128919,-2838.32886592497,222.00480000621
-9351.22531041578,4151.82558677779,1.78372770598507,-564.73759419763,357.981026485908,10.1336000975862
-788.576112699719,-3598.08905731997,-931.603983896055,1910.49523671631,181.204084591016,-1628.20868754013
-3512.64029856273,-6946.01867829017,-1415.79605143209,-1820.2469889807,-186.839826171433,-26.2627673493267
-6859.28947787152,18955.2821710097,154.530909630342,2901.10591063288,-1328.50901880707,-659.054259034353
-5262.98016983028,22229.0044401468,-828.502112821583,3053.09949506235,-1264.86409880365,2647.31889728601
14362.1802216531,1969.2776226789,3583.54717588518,-2857.9223381144,3867.49692447966,-1437.02635973372
-12607.3899558538,-6500.20648836957,-877.633833423153,-314.663839665787,-106.010040183255,234.128315112624
-10821.2315219805,-4533.41619159498,-630.077742540232,1047.20484057413,1510.09801326308,-1455.06096286983
-9381.2250510244,18543.1803662253,-2401.14437460843,2113.38870407652,-128.731759392262,-1481.39727698777
-6934.44010413661,-8295.39254596408,-1010.03853277912,-934.396763436149,-127.520575536697,338.490157624115
-9612.36347691694,-112.333434644277,677.039461090437,691.747106091076,-1698.86308639267,2398.24831380164
-10833.3548389306,-1350.76665038862,234.738434564941,272.52713256295,-251.244531798554,1000.38701876786
-5369.56179392172,14514.6639785367,-1477.36735794645,-883.24290282953,-2057.47918757853,4131.62962656258
5400.38580086813,-8660.13628550938,-1558.77226397866,-1445.66196217014,992.358709298335,766.977583216969
5028.18148756033,41962.7682349986,903.234024950792,884.12916684514,-2062.24716762702,983.149093314749
-5776.69045193866,-7367.24926091681,-635.558249016529,-475.757141559443,1274.38565831483,247.364359612228
-8743.29393577602,951.804649247577,708.751486043204,-1524.81115257689,-324.572492840658,1119.32631893613
-9511.29082998534,5186.98501607425,-1213.76554733453,276.760065091346,-289.419862331239,876.540966122357
-8130.25589517084,10538.3235538097,512.421948472241,-649.291301864138,905.992533935327,-655.252806322725
-6753.26337855034,32252.1605562617,-5108.92205164771,3840.66505057761,218.417800497851,-3416.91096973457
4926.97367294596,-8428.73962695185,-1581.03183435783,-432.792687022314,189.610554107638,164.822050260076
-11003.4732592586,8762.46355658891,714.855082383359,1155.07780760312,5447.54159565685,-295.196821721811
-8914.92468672028,-8036.0357198564,71.3448694472344,486.229387634765,-352.169799691162,-61.61589990227
1460.28266122786,-8905.75180124001,-1752.83457283108,-670.896256192817,62.0039363539231,221.908610505092
-6627.50735378118,4123.34393556355,-1449.60049244472,-1521.90776566484,-599.529318068879,-529.496214378804
-7062.59032156777,-6648.38731403619,3631.5821936895,3891.26760676884,-1236.79663008016,-393.022891023542
-9165.13666957173,-3543.28147482439,2913.78818727885,2820.13718846399,105.893569311864,-765.825790137351
-6022.77130576925,-8094.23762218419,-1300.66877452024,-788.821537484252,379.680506543899,39.2165750389829
-282.017462961564,-5065.03143531811,-1875.26698908441,-1665.07563031054,194.246147966261,-420.268951419481
8472.43982687565,-31.4299352086716,-2717.76817760986,-870.869710741376,416.419458268626,-666.953412535002
-8758.23707219193,-6846.78204978252,1088.32772698898,-628.012255441684,-215.730958510146,106.305422707346
-11406.7993975104,-6562.36606134307,-1091.4096403457,-40.1119637863141,-1096.18622966549,4306.9451271375
-3417.68099007676,-6271.67282386787,3532.49581470523,2185.90879888137,-1075.86776289227,288.767607350413
-171.885056710814,-2351.42383789396,5224.37393505373,2129.42488743621,-592.642293944774,-507.319565457937
-9401.89108736477,-75.6667210556992,4160.0205448596,-5526.35384368591,-1814.6790473396,-63.8375776793577
12494.7030847683,-7703.85326630505,-4809.46919226592,-1482.93068063881,376.167376633262,-433.969471041599
-11572.2626501915,-3692.35647775073,1385.51379370489,-2471.94362621368,-809.303149253244,-827.430596136012
3159.63157043759,-6039.88897903118,580.345801435239,664.795363459504,1132.96451723702,-83.3572434197454
-10523.13846102,-3139.14392814157,2194.23902402902,-3298.30040841234,-1151.40919163916,125.07438377999
-4378.10749080764,-6905.46405336408,-990.641866280741,679.371866672499,-232.857660729895,-375.147727986232
6081.581241129,-8465.91894645778,1447.07747421737,-1189.01404439555,-923.246761027719,647.180767210573
-5994.61421467075,-8928.53677147311,-1049.93224301363,-795.603609654474,-209.755156101279,310.901875678904
34406.7010737968,-9531.13097613285,-4656.85425738626,113.652887956397,36.8298237536618,815.115360076402
10894.5559328281,-3982.93197210033,4092.59659944417,5665.78414995519,-213.637543824309,-1217.37988786353
11658.6405713172,-8591.5386513321,-3077.25352692152,-930.357741853271,-8.79579696846152,298.181826054145
5202.40163872291,-8095.43617870991,-1655.12723555544,1280.7516388713,-403.673214212311,97.9017093669606
-1529.76667043169,-3564.76223931664,-1510.71749855163,-1416.60434470729,1612.89072190412,379.072350407464
-5505.43829035604,4009.47397116698,-22.5150135971896,-1149.58981943701,919.652540578161,-1014.41838488607
-8708.0995987229,8069.88821457454,-2776.64369287252,1424.42975472167,1548.45900598167,2964.99672222839
-4072.66616316452,-7037.28494848876,-141.266177548856,-1197.50001120435,-299.472200360744,204.975744657495
221.632587515024,-9757.95891923256,-1376.96684507856,-397.791524710668,-98.5274651680057,558.506217352847
2749.21832823605,-5767.55874923784,-980.375205887027,-3852.92096033534,-680.663679814147,46.7163297908547
-4044.07791905475,-5940.03723834261,3694.62401294231,1093.74061512708,-1915.54836950076,426.623729438349
-9683.39619238533,-6680.02307450921,682.389606692152,-731.635420025488,26.2967073732231,-24.1059943056046
-1356.27634108263,35068.7406992965,3248.39069862871,3325.50065274015,-98.7923908572813,3485.94120505785
-5192.8708436934,-4945.49116927828,3726.66005802904,4137.74105330235,66.6287300010915,-859.377010539406
17538.011356977,5192.35757750318,-5920.21022186088,-826.532552869022,1707.04406186779,-5765.67817044074
68.9687606937905,3591.90785743556,9299.52942301496,-8187.63467118472,-1444.16534814153,203.592594315253
18096.5144689313,-10910.878034748,-3997.66795655747,-104.22951669009,-565.603738470582,486.937892290927
-1608.72971106887,-3298.54804027145,-1182.30171862153,-2508.60866937784,-220.488577812572,-1387.03121739486
-4031.70771982364,-6050.53592623871,1414.24497991268,1730.73689987988,-1197.40475323969,3070.41664180832
43188.2516582754,-10714.1051889017,-3551.95912284635,-1430.59487147883,-31.2151776544892,1777.5221457441
40054.8147565846,-6198.8065368307,-7466.28789940192,-1726.25097982124,-824.136975278798,-926.080262748882
-3678.37835402723,-5361.99482133386,-172.960275860056,-3537.63788898054,-553.19956337101,240.609097183457
-4528.56233287539,-8377.75808495545,3145.12473073797,2647.65533792129,-1451.62164266861,162.901352638077
9709.93885778703,-9231.08665036221,-3773.19353864858,-1669.96808268699,-114.110900856778,508.49293209341
-10146.7098195128,-2376.78029412568,297.085336847459,3792.76092161964,-394.10784775801,254.229108345121
-10237.5319752576,10114.7650841584,-993.096327563882,-713.443201522984,367.125057596674,-791.057233041652
-2208.51857450933,13452.4458568594,14619.1839934877,-4806.33249011021,-1781.78930295718,-4184.79431617383
-9876.74687078125,14997.1542425823,-584.013347472219,2988.27871394256,2381.01682708508,-4153.71840105142
8094.88288123498,-8133.39944143862,-758.845175242585,783.138271173928,2101.67656691403,1204.03232157297
529.289079348392,11536.0779910312,-4492.03537457154,2257.29643748863,406.126646064674,-2168.56890902719
1895.07913138587,-9418.12648276528,-1769.66403474847,169.817643282156,-576.997820523762,457.617919651764
-7827.30339272109,-8096.30840404509,2661.49218042412,1959.75030384907,-1357.09294708389,215.074557346683
-10449.7945086456,-5155.69999220095,2302.13812467123,-3144.1721718911,316.375914779766,93.5076716027964
-11378.0010817684,747.480806910626,2254.2903653023,-3606.84185507866,191.684384654157,-2412.99155822144
23806.3881186313,-10093.5709196677,-2186.55334232127,-974.774662564378,-423.899635566079,912.047212837572
-12082.8245798681,-6307.85563624543,247.034267267539,-1000.29506072537,642.892229784284,494.040219493177
-12432.7030430634,-7857.90323677811,684.628587700094,-1545.77418923181,-192.079046874249,377.154825541409
15515.843715481,-4372.66421305973,-1863.08889593133,834.314704306068,1064.60698978629,-981.981930170012
-1888.21379781955,-8958.61288716939,9955.68745381013,9241.05134127651,-3958.38673963262,953.496444233906
-621.526805549628,-6907.00964682065,2253.04527130387,1633.69726757153,-329.554252200608,68.3843657254177
5127.22225462624,1262.20320096862,-2597.68923965528,-874.180950933641,529.61436030891,26.6766774971699
-9453.05838173149,-5744.46007049718,518.64792963892,-1581.64095632322,484.780060281867,-274.710513562186
25.5900025799863,-795.511887959734,-43.5663673984059,-2874.20826709774,513.504760596473,303.627117985839
36189.8334986521,-8606.29698385839,-4119.57909902894,-158.117245907834,-1179.53621514727,568.57347697515
13923.9475953692,-8270.83295843391,3715.65593310188,2896.23982535549,-1915.72290876803,552.085473454851
56664.5625685781,-4286.04563083393,-7460.90105480023,3554.261828777,131.311155733776,-2517.6350583956
26303.480856343,-10053.3448800783,-7850.68340588312,-1134.30796188212,-527.660288663319,-151.474390769512
-5885.3077565522,-7081.4185684632,-188.1022427777,-1182.18971420226,-893.444730357948,967.036955399278
3302.36416157792,-7233.03842252714,3080.5400999574,3380.03110769065,-1227.40087690319,45.8725594268618
2711.81515636144,-9164.03650183123,-3026.85851494406,-1093.81647209643,-243.111952151286,487.611842607873
28596.4535616667,-13062.318213618,-7289.54412240712,-2023.41236167739,-986.255828373592,839.782817249661
-10219.9065262056,-5559.48230812698,-175.188519932276,-1203.72931998458,998.261118595036,452.374165044821
-6547.00881938095,-5197.26537131462,1020.29171043281,-680.608914400413,-249.737188254689,-641.068385826813
-9399.11006543311,-3946.31948686773,2088.85517213166,970.906310623476,-50.7215601848849,-470.114456145359
-7301.04357488761,8194.58869987646,489.74348682588,-2322.57400365878,-1105.93971455255,277.981985728881
8217.89531703922,-4745.70388161939,-4226.62222425271,-185.692411049875,1604.65085167571,-896.659616944146
-5434.8415342383,-3869.72809619024,-2569.380476712,-108.483010038725,-13.4184781286603,218.28120465164
6079.42353897079,-7223.7779369271,-2120.68924134573,657.036398318759,-8.31889760410933,-26.1256175572671
-4512.60960615682,-1368.22791210099,-1965.95299592155,577.547380879608,-292.475500676874,860.348846071471
-5515.84406370359,2099.29563486204,-2253.34301619739,649.456385402149,336.729911914017,416.640952825791
-12739.3567095739,-6729.04264732068,-653.302036877085,-729.262808611247,235.998061809522,-227.745245992742
3991.29652541492,-1488.94939031711,-1552.16797399281,-2567.54706624933,563.956719621936,615.386488934505
-5208.35354489862,16230.5493658287,-884.341381031101,188.186960033713,-1608.89242408793,-733.967294002685
-9349.80571003122,3376.21432229807,-2024.6857726446,160.045603632091,-450.615885004364,1748.65908629786
-9618.10943740144,7037.20561641236,-4744.216213415,3397.90582761272,-749.836840211584,3346.04070192731
-10701.2329921477,18378.4042230184,-4998.98597295235,5462.55799258864,2048.89383077997,803.000401576447
-11003.461380011,6016.41889691576,3287.46188959737,-5069.78999303881,-2037.42940307868,-278.375554377966
-3926.98768627565,16404.677217349,-993.313547110984,681.832699653676,149.873180437446,-1857.47453776825
4156.57974888231,-7183.7590693348,-2313.04304163358,-1540.38853132953,190.841682502363,-91.3636935671044
-6224.08064261317,-6648.22085138293,-1783.13133310926,-653.525083348616,592.014323323719,-439.85038141984
-8997.80073369069,14621.3306056924,5844.735113585,-7452.49765550723,-3072.28612001926,261.999578705195
-4275.24463153467,-7056.14202174126,7416.81829700371,6664.99923818857,-1863.04237113918,112.919648630758
16739.5917169955,-4481.71255899421,-4908.39763844016,1256.61378134229,-289.172127657063,-2302.55246616814
-9659.45827429368,13765.0594981418,-6969.51783458258,6948.68876701258,-1458.15612372163,7317.31725040518
-2951.01269050724,-7589.9036959211,627.417825292946,1666.1273188252,-731.300507335574,-251.38566808506
-2102.1498517267,-2870.06161347329,-2512.93289900029,1203.68219948129,1289.68660479054,-1625.24757174872
-9156.03644257259,9466.53376064344,4100.86681648636,-5445.65398295195,1077.52671068286,-732.144904329068
-5720.47193799149,-7179.80905869706,361.099246511585,237.136558546984,295.913204853149,-132.883869909304
-11302.6012887021,-2312.26655614455,14.9179422473006,-151.60246409767,1421.18231969554,-1118.15733134698
-1069.52441380483,-5788.46809116657,-976.659385171902,-559.927639982574,-764.292937687548,-393.82424898282
387.067666410906,21124.3792926046,4247.47771928229,-8546.40046250909,-3788.65735191843,3636.63372357334
-11008.2911150338,-5232.2715681582,829.362287593837,-2373.52161998927,152.877431231978,-248.665735985096
-3486.28076337194,-4811.65987770727,-542.168770059466,971.981514500921,644.494938198371,-1196.11000199805
2906.1740736156,-7197.61933063574,-1634.00175456624,1602.14889237327,-805.964759141108,571.275672453966
578.910719452711,-322.005295312284,-5285.47472119693,2888.97978284276,1400.17740517821,-2641.6003135973
12926.1042256247,-7894.32151904089,-2173.07327483624,-2074.15471506654,-326.154237518932,36.3931107368973
31007.1164965107,6277.80042159492,43102.7832569162,31199.0415576135,-10300.6568919053,-1923.66884576361
-8281.40565151264,-7264.35777591438,1636.76533402378,489.231381758353,-281.787055552006,348.938370939818
-12623.4112382072,-7093.94842965042,-328.486637010473,-833.556895987334,417.056403989751,-168.339911495881
4848.80481136008,-6949.24523591448,2508.76879688736,3084.69325467444,-569.075685603739,-189.007869718396
-7178.86657309996,-4993.15820655422,1694.53021467964,2793.90329320217,-230.159353478309,-843.251746555904
-2757.21936467982,-5020.32984357858,-95.2216177436094,1543.06177556896,404.496191408896,-1205.83123006039
1147.95198063113,21680.6577620954,-3244.86662635596,1083.96333578139,-187.719879736239,-2355.92240592171
9326.37899819573,-8355.79713732618,-1124.06220735253,-2192.539262324,1057.00880411142,840.862140765183
-519.041747136758,58241.0591974984,-25557.0921230624,26320.0840576883,2773.55808977214,6151.0544880486
5243.74639255283,-8005.22860094342,5230.98550777153,6049.97392517968,537.354868620428,791.320357467381
14799.3067325823,1544.97206570905,-4251.83655700063,-1156.80631813507,689.872491293381,248.574190332456
596.119398793837,-8487.59501721759,-2092.7928227684,-1760.44233066367,195.226589626633,281.701790677204
-2705.72190949977,-7109.3198130402,3630.83747866892,3922.33416998394,-1127.08006152989,69.6924209351115
-10572.2995365317,-3539.70067115361,8871.21470565274,11369.5544439352,-1903.72368586392,-2213.63213126865
-8845.87395184903,-4283.27561378947,5289.04748693064,6240.13626552861,95.3955271965815,-731.309782602839
-11905.9305870791,3330.95825591544,-2160.12836790616,1199.72759141459,358.369759017428,2917.8777984422
-9579.0905424356,4479.14534515891,-1127.91763203092,498.978625662061,1302.29986877854,622.262489562041
-12039.5478421914,394.397786522543,286.323215635593,-1744.81094667726,-66.8615811513338,2054.15053063625
-9234.01540991896,20328.8609909201,-6776.57093968606,7439.39753385848,-754.787577048351,2802.48874624304
-9875.26219186817,-7149.19242953163,569.814140139543,121.059417087131,-221.242725335815,-80.1154836475081
-11409.1223610136,172.205597674344,-2255.1714382026,1101.77686694284,150.788581786446,256.977057002955
-8519.07450384608,8755.72251250991,-1009.29258279935,2817.26604789244,66.226472392539,-176.613479531472
15368.7361248758,2959.80957953823,-3926.67852181154,197.051903864042,-594.043131120525,-216.984418279511
-9460.00198820642,-5979.73017731423,289.485778049745,-1014.02133724808,-172.587121642574,683.170391152043
-4334.64771877907,18208.2793041529,-858.202636728395,-11.8535062742517,-2383.26285037813,2277.45885339547
-9427.39638295434,-7033.51528149512,253.345545018723,-66.1805975014294,493.970008346314,-46.9557875366645
-9301.52619831014,18032.57016434,-2351.19446886315,3658.85287958312,1351.04613804119,2704.55353232853
-12500.8371621972,-7120.36449205873,5.4888592146409,-743.327858038416,-38.9639694569742,-199.919892031716
-11234.6988289627,13836.9118680621,-4628.2646867353,4208.05126616538,1259.58774110334,-742.383333593857
2423.29915914232,-4114.50006934677,4854.82723247676,-1251.10984809176,-882.483493013415,1110.55320571372
-13019.9079931312,-6861.95565372233,-701.500864421686,-663.932538164339,168.426356581678,-334.576905452415
9239.59160158749,-11122.328236215,-2291.17914486131,-49.4220786012305,-576.943786724373,775.079555042034
-11920.0105955237,11327.4020490332,-7405.57471196302,7506.42198234048,1950.54907241909,-2968.67382045422
-9149.91717215685,2303.398161995,13684.726372256,-8636.13648095346,-1264.44872608923,657.485423740541
-11739.6021021862,-4145.12139428047,2031.81486146291,-3923.25292028009,-308.295377067857,-322.06249945095
6719.39217831534,-7842.20329556899,-1366.91141664855,-1312.60071730964,-814.087889420509,282.863333709872
-8502.18316343062,-8315.50839377356,-487.263743515678,-596.088663914199,-15.2936920295244,277.602319519629
-10913.2897715258,-6261.88181025578,-330.595890765342,-952.604072571168,498.788813904671,-359.535737941921
-8508.60877867618,-4926.34405475887,-2246.0153431226,20.0284615534097,375.545803707302,-218.852896766475
-10512.5203076556,-7304.0500168705,-283.571859468975,-446.111943760917,76.9521294235385,288.730057477287
-7217.36837519794,1750.07643913844,529.696049554875,-607.688400773767,1490.58724247813,1666.7260605376
-3546.71318863912,-7381.28259616828,-773.417970990056,-1550.11252005803,-258.750545654235,36.6179041338568
-9681.92159519245,-8255.06962040816,116.93939716124,-675.254045715077,-238.804169846928,451.42941960629
8990.93000314124,-8807.77728952126,-3099.86453884209,-603.377814903225,-201.783193696276,-97.1078272540098
-7128.11443412794,-8803.68777820611,-929.057683145521,-642.595562095414,-62.7079569215329,251.010467756114
26425.187409754,-7097.18874916814,-5596.94824344232,-2558.79139654186,971.404977898249,-159.507639542735
7811.8803837835,-8438.37727865963,2088.91183920285,2909.68247206934,-1643.64033751556,715.224446279424
-8648.0246539803,-5634.26469923302,2047.42490650663,-2598.89147116707,3554.02708227778,1215.115563654
2901.3938517201,-758.344371245895,-634.358577891997,-1823.96084648379,1770.93699205122,-180.123747424031
-6624.8655838713,-6961.41405948595,98.1809540880214,-1224.23527340021,-84.0765540645378,128.081417111495
-7418.500970555,-7667.18677120216,-931.898610987402,-1414.23954946354,-395.592155788972,323.548158461789
-7594.0335257763,7348.73093919305,2915.77617428753,2586.20334490359,-558.41071979967,-987.452279210729
25207.3704921677,-9377.12120211885,-5634.96860595375,-3134.62897053382,27.1227870752691,161.038222590725
-9678.13347599207,-5944.44754174954,425.465652774814,-2503.23331276606,501.698463985867,-166.116900829494
-8217.50572827203,1641.47411179251,-1634.7548241498,-525.63943141523,490.299590659947,-3305.31223427142
14983.8972021687,-9660.09867322741,-3087.07853576551,480.07241015417,-1058.82940491837,494.241756356727
6093.89584035313,-7251.01888871817,5255.51605711877,2215.22075873609,-2734.54282486809,265.625089908208
22177.7022575065,-1582.16313136966,-3069.6481228467,-2350.46658405079,1006.17696112874,-577.471870767514
-10674.0097631144,-5593.53956126045,1644.33838597275,1854.15688012834,-414.421924021689,-623.460766851194
1467.40808010373,13370.6672228893,8322.3722646032,-7615.97213763157,1664.25057889336,-4922.87948719766
-1424.04739871909,-8318.80425148014,-601.227154894046,74.4920204843919,228.550140788675,290.652430956305
-11310.1237547741,-4758.17034635035,1776.65053597064,-1150.24308726397,60.557885369391,-369.908452797435
7656.59247489992,-8844.46828029852,-2223.86283503777,-1366.03979084249,-97.4965823899447,417.840869232572
-3449.99313476745,-8508.19418223648,-1022.92347865951,-537.056418249113,-206.964692745408,264.828486783197
-3519.35927256235,-7920.41435542595,358.969262770852,-1.07998034770457,-345.260728141019,248.091404825981
-9059.63421227149,-7502.73275568926,3129.86395723287,2052.44274674159,-467.347426676462,393.365329681484
-10138.2736981709,-5802.32226861995,786.346391871687,-1587.16431240879,1195.78795419396,-105.20022834131
-12084.0216735052,-3903.29971755459,1020.23924550818,-2063.27843545745,120.987111682888,-1006.26836717237
12033.9198958013,-5003.25024566203,3805.25925273586,594.321642608604,-2384.24327052869,-448.035072142614
-830.716572262152,-7243.23988833516,-2213.27157620213,-82.5125816118104,188.07882123024,-565.844645542942
-3389.26534176273,-7972.70058271229,-52.1312496184607,104.72035625216,-798.142664924459,753.110541521954
-6495.03494222101,5317.57356003253,3898.57537223161,-3379.26102155377,-293.875603366061,-288.647144966079
-815.906289187503,-8211.18678854506,2820.32093405041,2265.96929135638,-1159.19956608364,199.352540831517
-1290.09253605427,-9172.32149005098,1570.28707895574,1437.33912599128,-1302.5878661836,424.598394072205
-3681.94849516236,-8712.1192012645,-1182.89753866022,-452.130048734545,-254.739781884203,593.707872187996
-8321.5533894436,-7855.26942081726,1479.83562228505,881.742959663463,26.3979625981989,297.263343808736
15681.5238137071,-8862.80730016711,5297.48365767282,5248.49692796034,-1876.37971875174,536.955969647323
13400.1559056092,-5396.622679616,-4124.59374513442,-3257.13535495916,-340.456072981657,-1414.75458312073
13194.7418017654,-2214.45102647933,-843.663543073669,-7404.23387127757,-1830.97890363849,-911.857762329826
5658.93886442549,-5516.84405301019,622.397350358653,-650.827949786908,-1188.37471016569,75.010088374573
-6204.19207114761,-7954.35255186415,-210.88900867344,-232.66280467762,-395.33909077012,554.715190598822
13484.0208579696,-4899.61112784736,3088.13588628735,2958.55622244898,-2146.65627938048,-185.193897295783
-3149.6366402724,14129.7513405153,8.88895285601909,299.371209046368,-1521.25730042774,-622.351515808373
-4279.34022847218,-1851.17069441188,-1204.68094974355,-105.954210720233,-535.718875329346,175.411058294672
-3449.80620624431,-2224.02886734775,657.643326872432,184.633435438816,3824.8287808632,1069.53316155661
-6122.50341772125,-4226.34363002982,-883.09423415779,93.8961366526251,1214.35889811803,616.765330511964
-10255.9459535618,-4547.95210863852,2020.34543696209,-1167.7787978458,3412.12368546183,275.067855062228
-12169.1538931714,3592.45059768677,-2775.1352860253,1704.58603476906,643.572916441366,-2293.07382752397
-4717.38896525209,-1659.79905700528,12364.9231143733,9652.56215318006,-1921.91718063484,-815.319166116951
-6304.63993845288,-5520.45379789246,2255.86704902956,2456.82978947764,-1200.18325166114,80.9155538134414
-4184.77144476659,1334.46498574879,-317.825218993729,-562.794479369582,599.327527457478,327.287994440569
-7029.62149275039,7172.39835551058,641.13482780379,-2744.0064313793,-1247.67029261429,1673.39581939911
-7065.89913825368,3231.76615607357,-1957.35004269276,-2.86538462342279,715.974201032011,-1007.55461717378
-10616.6251102284,12226.7842893186,-2642.1462740277,1431.80919046482,501.476858941613,-1530.08856814619
-4024.82564907768,-5501.13167111562,-363.187986250377,-2490.03426142451,345.247159962529,1204.50626589357
-7607.86884371215,6082.57064259382,-3396.35862722337,1260.63205185852,805.463859516566,1085.1629320135
4599.59854372105,40.6671321118886,-3185.13273745614,-430.098702312644,864.683463614439,165.347660525032
12944.8657783531,-7443.87545188952,-5075.118621688,-900.231121943772,676.422889420264,132.182732258542
4618.22644635843,-4628.08708605084,-2620.97861202862,-1551.9992926845,-306.46561903546,318.289041209874
4349.26153159521,1309.53427856104,-5553.50510394982,1934.02302925847,443.387136891499,-1662.09172890873
434.714300839345,-6983.41552655211,9322.07961226568,7719.751418502,-1953.30715128702,145.952063056609
1949.2434049905,7395.21798492322,-442.54698455744,415.10220651829,146.836094647755,-703.018252320857
21552.6834785493,448.065147914276,11828.3363102721,-1370.12180603207,-5390.05132248198,-1093.11549832904
-9110.42016573669,-2040.19766843735,1974.99196534025,-1722.7612671725,-872.545834850011,-999.382599110709
-4447.71291784186,-5963.74584313132,-1563.84000007592,-1279.4985183795,2318.82891240576,-340.172829808081
-8683.16981902828,5814.08578102414,-2648.10021720809,2567.90084562008,3436.13604571684,-5780.36517535325
-1997.37740517143,-2646.60584270755,8978.54381554717,5790.93023151231,-2337.84342272702,-77.4702737974961
7651.37624257702,-6423.03804135038,-5113.36088777741,-610.686781004072,187.619147939305,-77.8649335261142
-10713.7382535674,-6058.10976705986,1656.64139673322,-1705.80459768578,441.578191932411,341.48424962495
3988.7982059546,-1638.44521280519,-3604.93557112684,-574.927634208378,313.283571259187,-538.98464781392
20140.8484931366,6306.87722713201,5732.32155540545,4339.06011656259,-1291.33863688525,-5287.10681907256
25912.249944757,-11757.6471073198,-3275.75888330702,-524.227268219882,316.064126546548,1336.40953049936
4555.1149986348,26201.7586028672,-5887.43291862602,2082.90687561531,-29.7958038475936,1030.68216765311
-2734.37092005417,-7070.77533531097,-790.703024707815,-1344.54788767977,1448.41272310344,219.126156722434
-10370.1253140856,-6161.46490875671,-1017.14238083898,-1283.65788576911,-80.6767127040914,-297.820170427241
