650.022119558255,1585.51910692625,-95.3906539936594,-4540.78048835751,-356.637113254471,-226.711828775781,0.436433942092452,0.612153085978388
-4426.80498361938,4042.45152053201,1534.80473509581,-2567.65566632914,-44.3942768041149,-468.937998663521,0.470409631181581,0.566833449269381
-4841.99870993755,2578.7621876381,3801.38478038582,-2273.49434521869,5245.38544328367,2141.12334753873,0.409386630552881,0.555028028488889
990.34644443736,-6279.80600165701,1396.95981626198,3310.00606910862,318.152343159535,-247.816339009202,0.485614986427513,-0.149400282609846
10657.9987312957,-2159.72578880272,-20.0429942065654,-172.715393747812,3188.71712743164,510.145118375092,0.412243610111731,0.739625212349747
-2765.96159325827,-959.870712496043,979.704862722351,-4258.20294867332,-224.100161799077,39.5276463823052,0.45513465966368,0.666681927093295
-715.55089205065,-2013.00224872076,-3259.03439069253,-311.462147332422,-12.301593972887,420.873785425345,0.480965411407064,0.641991753653586
-4474.58366930728,1429.49698460385,-842.633877987589,419.07304078316,1650.15129200956,-6.94733210808274,0.479382141497443,0.592265971446114
-6712.09539257367,-2205.90916847464,-1403.85218139775,-889.700040246706,365.662536272927,-556.576502680001,0.448785351539599,-0.323703445844494
-4823.63436538283,13480.559213632,-1375.78264199035,365.620281361277,773.353884698868,-677.951943969199,0.470812472926349,0.311316126162041
-7974.82899002315,5711.21893340622,333.840497290403,3817.57443888077,287.940457045576,585.910799478901,0.54155258450785,0.480703132546396
36.3937821785808,-6037.89639076026,-2635.58319329247,286.34856973033,287.824340409821,-743.675786268851,0.490942455237949,0.789565331570831
19940.2020451352,4591.28651216152,-3038.78248328929,-5287.2357556221,664.133884011579,-264.571820190054,0.341777737465917,0.581574402630066
9396.69557309896,5913.15706001925,-4401.5793765123,2593.14947966967,-750.912537528646,330.761950432488,0.47561286437265,0.488919769936174
12660.370427668,4541.94546135925,-3777.00323092347,-2827.57778951758,464.578393765025,405.538245683463,0.392265506368579,0.527260163413208
-2997.72589246726,-6093.87930751107,-2770.04827700733,-447.050272729616,284.587419157239,-175.036668390876,0.44591144133398,-0.242922445208846
-10589.5235647004,6584.21594887272,-206.336682300122,-1571.00167553872,130.896181471931,-727.69060830763,0.490299773444983,0.465176358874129
-6367.09517454031,-3680.71268459442,2416.40745447884,-3739.1305761121,2942.32351348324,519.498112275588,0.392032827103881,-0.273538519469462
6623.8253336181,1254.71954760855,-1627.0045761016,-423.865015759787,1864.36938555093,-468.022266687978,0.43121589334029,0.645706195593602
-4861.5315660262,-225.592277330118,-3278.73818025887,1289.717307123,646.583019538683,-1197.98723866215,0.45644493556629,-0.363328075594478
4794.24416462698,-3988.79933572144,-1853.52927740649,-2066.72736701972,754.632840861949,1096.5380927125,0.43980105345644,0.707730908513597
-7244.86683017047,-7347.72326567277,739.672616054884,1064.75642902063,-272.427701964498,71.6110204999948,0.493995447186988,-0.185415757000174
19299.2656913461,-6936.810665368,963.665214142684,4352.84900443758,1207.22471401859,2258.49162242083,0.425145838962986,-0.133957992396983
19941.0882148386,26312.6546265724,14607.432950447,-13836.7133030642,8794.07722046749,-1303.57721964043,0.145652338565388,0.312552563810397
11493.0748439785,6171.38653373928,-717.271523683667,-771.449050433006,3559.40231021897,155.619807333168,0.382692392308479,0.540954855944125
3309.94466836073,-1161.25673139362,-4139.39581878817,-954.918435488481,-752.569445812317,813.916193336852,0.466977885923697,0.612062042716218
-2968.63905421379,-7158.86854385851,-286.197161683278,969.606763769208,97.2999169858019,-261.735840472995,0.472150835317293,-0.175479925548035
872.16023914406,-7603.88820028562,-3163.47213375125,-780.435163393496,416.581238585773,-505.802875603369,0.430248808555521,-0.185654904553114
-4895.51898736261,24552.3735592225,2437.67369003649,-2849.47600188802,2634.59655592038,-2077.97125547753,0.402624320671088,0.130656193511898
29261.0930518571,-10083.3374817922,-7135.30646180455,-2381.77269552092,-464.601431678826,1051.93275021634,0.327714758786053,-0.11105906015981
6394.14888151997,376.417319555273,-4015.82501333768,926.600428734046,2739.14732278003,-1411.30829269926,0.386612411248815,-0.332608253818343
-9813.27672192926,-4162.83155095864,1827.86124091571,-1407.89663002272,-175.887025069051,-71.6776781444843,0.47058026736047,-0.26147505669279
8061.35615190374,-7976.99061591215,-4526.11922902663,-1497.72196173589,-56.6602351601108,338.05005279577,0.402303977927556,-0.192911101347318
17605.4509864729,-3963.57177493873,-934.12849075689,1283.99266795643,-732.802194872453,-1702.46049523299,0.416986619816305,-0.127380889541759
-11528.015593203,-6048.97826463323,-222.995193953923,-1277.82002613286,77.046473659206,-124.524471720822,0.472234975083396,-0.249690901025568
-11315.5164277653,3970.22693216546,-1186.55455467631,627.641533533319,-41.7123589681624,-594.311323529441,0.521307433692884,0.514024831877937
17225.1667604197,-5190.81923211455,-2909.4079727147,-2006.09918062562,3159.5920566474,413.665247521439,0.324175810086391,-0.200143049757978
3692.39103745945,6864.58649138304,-1180.04648826146,-1693.01617391473,-1536.18687250169,958.17398342464,0.461586364267905,0.453402538253069
-6058.93888026443,14122.3077708181,659.828465962399,-4147.63932980173,-1675.86329225842,-828.480560120158,0.460961141720355,0.308708895832516
43223.09734624,-14003.5946067684,-2724.13277315326,2939.74467584224,-465.712301902618,1903.8784261186,0.359913567733536,0.0957748053839846
12657.2405430154,-5035.03288562824,4169.15729556169,3055.48867871737,2516.158895276,1275.49558187061,0.419799663963625,-0.136885584785529
6484.40574180028,-3747.75427111346,-2441.30056469327,-29.5108397211752,1584.2670294716,1082.64677888709,0.398917110990963,-0.290986680044801
-1047.26388008812,7831.46005980249,-4130.7635048553,310.969847623525,-772.046395925698,111.94516824649,0.480794139008826,0.400740746093727
-9967.8536541141,18648.76241933,-3095.56933660816,2625.88518062666,-534.473241796433,-1575.03222477542,0.517824034883759,0.173460627631371
-2468.70963909112,3417.66823846683,-2227.27719347692,-1097.51772551099,-951.595884841935,-21.5212907297558,0.484125053425857,0.527983520178241
-3853.45842459816,21374.1761094442,4871.79437126517,-5369.41227076695,1520.32407838087,-1435.46732408714,0.3965906501234,0.218213590735712
-7070.67862778673,17409.4280443047,122.202573320163,-32.4919428311496,134.781581801708,-2802.82868375746,0.481479709325312,0.291523597803648
41411.316255798,65788.2979178384,6192.18819454554,-8646.17513116646,-3668.66039085263,-757.146032653504,0.215141151248195,-0.6767453709867
-645.598361882294,3328.87016042323,-2785.55317985637,-386.803797862119,440.251126451718,687.118042683516,0.465742407508106,0.511181139212207
-3979.64869852378,28779.1942302738,235.229397958845,-1131.6770900905,-1976.49820749948,-40.0640665929621,0.465617044671974,-0.0590912595318946
-6354.52089434406,-7165.28452298698,1480.82058456945,1190.21775496705,973.235166134771,720.531187268114,0.476740307450743,-0.194674748795505
-9226.0633160904,-1181.10995906612,-1176.61081764064,-876.11636913902,120.651101015592,-1218.43759288491,0.459695512515306,-0.335892471039208
27289.5209684591,-5807.65124440961,-7338.43175408651,-2448.42551316176,-15.5486576216821,1012.65097112689,0.365001347987583,0.774103101119844
-10914.6928102982,7389.76247172522,863.201382156161,-2263.35811527103,-1440.49846883155,192.453674762521,0.504735383553989,0.4277534142425
13981.6443215286,-9506.07389410152,-3259.01724815143,-896.558942641768,196.835286609698,462.383980866576,0.392622112534214,-0.114320689063932
-7343.50010735388,-2895.73987406228,-437.803674251229,-881.98197238219,324.746472696851,296.629962815967,0.453927696395311,-0.322667573593819
-3819.71921442513,33191.6042090295,5065.57861203496,-6195.85866073504,-4897.59917255448,4186.48409307164,0.446931832192507,-0.245513991707036
-6283.36928917233,6557.39319324113,-608.948634757045,-2698.27870666647,-859.035476460497,2697.63730431628,0.472455145045367,0.368914630702771
452.703315189807,-7975.48636668234,-2064.33308332343,-1945.22110271278,-162.625034481582,111.723519219958,0.428858745152035,-0.186035805823558
-6217.64092663929,624.920469634058,-1321.08960470695,-1312.82016966342,874.15318252291,43.7969712811515,0.430463453238794,-0.408610332033845
-4220.19177726546,-691.381739412754,-3508.68383949518,167.079909706021,-191.066932443964,751.117782154326,0.496471195675825,0.582321800976561
30398.8406571907,62369.3729243077,-6509.26745427622,1024.22698270473,-3265.70451197022,-1050.57399985287,0.327406911333535,-0.781024373586807
-3993.25128290319,0.921025346446411,1732.99558648338,245.74118317157,-1250.57077652089,1401.95623802644,0.521709629515517,0.619233354582511
-1434.5658001297,11006.4494522479,96.1372746270438,-93.8752563450247,-1053.22195579393,664.364507022733,0.485618998937639,0.362649783940739
-7828.44704008891,-5781.64160503026,951.74989767999,1673.1709219218,138.720114576255,454.574299348559,0.49458761645222,-0.232787176525746
-8087.4066237516,45950.8390829738,-7148.00099316079,6159.67908927084,-683.972897088826,2273.43542876058,0.49316734511072,-0.645600963390472
-12806.8816886663,-1097.57008642064,-2497.89685871445,1299.34262527438,114.546942093548,248.242660706354,0.490244592206408,-0.410905761915211
7843.17114647484,4654.93832851856,-4396.20833891579,294.115902032532,-142.390057470009,-410.912930766467,0.449634003542074,0.529194218554146
-8848.30876855724,-1942.31624422139,6414.9451932706,-567.502658041266,479.907461923625,56.8758050597474,0.475578010983529,-0.248167077811275
-4760.83261639074,-7071.54644995172,-603.689548330911,-2211.72917784807,-702.805286746542,442.303191823496,0.451103387395456,-0.221551618135278
5008.66284771218,-7252.02733432906,4480.17697479827,4930.22602481969,-1311.08936767241,-199.622451854618,0.522025395610595,-0.0628347476001904
7622.96607897845,8144.4714273174,-1997.06388040188,8992.56089888314,14016.782972454,-536.364305314872,0.313403285006745,-0.484373545018703
-7004.4466644175,-4300.94475935543,6558.12683473158,2298.3456994666,-2778.28102795572,437.262493785887,0.549205158475853,-0.185968672221132
8430.18240292649,-1449.17797303933,1941.23180843075,3226.83204154981,-1387.8389780812,-2183.39544828351,0.525090759339591,0.831221539465165
-3789.2118757652,1802.23212476961,-552.606663643491,-808.112297117336,1076.47336628894,-1645.93910047628,0.47315941468257,0.637074545883582
7333.17055840595,-10517.5081374204,-297.020043608137,116.350022811164,-661.069219902031,918.489489325947,0.444670539714929,-0.0889229480662439
-10720.7451771424,-1955.60873581127,4765.80209790636,3908.68031560916,-669.128664031275,-1678.52248296139,0.544863596572031,-0.212532626774157
1867.85098536527,22634.71585879,-5786.23533916569,3220.27275659083,3.32977442281885,-880.359898918951,0.466095568798001,0.0712690241633036
-2350.45335935928,-7748.30299455846,-1067.26349017155,-162.46608033243,-478.084347779701,-68.3168937879123,0.464073557616991,-0.179087655386863
-11004.3108306631,-4012.72116163165,546.563828365139,-1218.94841522436,944.62294034537,228.578132110233,0.457730494932847,-0.296325235131419
-6238.53236501346,-6625.74328036832,-1982.41179253194,-465.841072311595,437.914494991246,-159.950129112644,0.456620432390086,-0.233564360099438
-11207.132874459,9944.87021582975,-1155.36004935891,-538.510003799127,-1206.09178128078,938.358130634762,0.511707817474662,0.318505444376339
-1300.0630829678,4621.18084244379,-369.07210762394,-2429.38356989425,945.243430071296,-640.447362104889,0.443510371474024,0.54607135416152
7623.49955988178,-8762.09361186262,-2315.53304287513,-773.267144417151,-310.31398960858,575.232667023263,0.421629336634625,-0.150234505031247
-1013.46191890506,-3353.32313684987,-2315.88931046074,-630.730038591986,-1068.94010841902,1804.30190345318,0.495374112806552,0.641978170530565
13653.6773350325,99226.7341243524,-12345.1272484056,9910.18198941235,-817.435005627794,-2736.83384086054,0.372389245297012,-1.74881233592302
19878.4565876366,58470.6245534458,20727.2313411793,-33863.4903093066,-13746.208383439,2758.66033594939,0.178799729406007,-0.579515184573877
31824.2468453531,-3533.84399592108,191.383393785648,888.792689300766,11003.4679802857,2763.04626904364,0.208219522529434,-0.193443582927188
-3982.89850230235,-6443.329499751,4032.79119713772,6028.46354314019,-1751.15860392594,-953.561232118656,0.566792017782141,-0.101399574334464
12388.3208133159,-5242.15782186012,-1351.24939490213,-415.438280607224,1711.04031685887,-325.096035844347,0.381231641198429,-0.171324130675895
-1617.62380399287,-8542.81896744339,-362.7272802647,793.447242544316,-489.608261174819,3.15238557471315,0.475604098183916,-0.146171071572466
879.263419135219,-6745.80158577972,4173.26725319527,3196.40259349412,-1407.31481730258,343.456034310197,0.514616539006644,-0.119398414389962
1529.14228714985,35961.5136778175,2770.77478116859,-2411.60571908579,-561.27191916925,4254.22749664484,0.404284364933392,-0.309932768342378
3605.22082222467,-7380.789530523,24083.0137618603,19761.7466523862,-5754.88328867099,786.993979869256,0.798795088450058,0.219210713065262
-5777.89750805899,7364.93277620055,633.271621199321,-4118.50697521209,-1655.19453423155,-200.31358361338,0.470681260599165,0.454009189366127
-12606.7595150575,-2424.36796576173,-423.110296309411,-360.056242685528,888.048928416405,-1962.30937020904,0.47063114240735,-0.284934687700157
-12613.4442358269,154.707518904842,-2192.6267054447,900.755527855765,103.216989501149,327.928920385797,0.529360875212759,0.55914364732176
-12878.346107679,-8262.52237013381,-207.805831099953,-570.085345762867,-111.717312373429,137.534932109349,0.490353165715195,-0.207802242186422
-12764.4405395809,-8215.97016031831,-238.845233514546,-342.421864187075,-21.3075718081981,96.4936506799521,0.491230521962952,-0.206870056514089
-2769.08836745904,-7315.99088536991,2279.78039288456,1448.2355946222,-1309.52969769917,-41.0229996103011,0.501951326610458,-0.141134750940868
195.053482045859,6238.74394341391,-571.58266351718,1166.61293341281,543.774606652289,3096.0206836897,0.476833452835348,0.405270042659582
-9444.12629701218,11579.4485272109,390.706755996417,-53.7193745363696,288.204656221948,-303.98650216058,0.494165075868123,0.348881485561471
-8891.33102294786,1754.83801004639,1282.77122119915,-225.821279595332,-400.259770891379,1377.70496397605,0.516418037519493,0.548927519228081
45183.3111079207,-6064.93606068048,1940.51755035571,9429.24273579697,-2195.05737298309,-384.756626151517,0.450229860659834,0.0663170814009482
1007.85261761694,-6099.0949119342,-2232.77200228375,-723.766248333511,-235.685759032115,513.764384504555,0.437724665115192,-0.24031639718478
2357.94464699349,-6877.42846853303,-3005.94171252489,-361.304734805664,1188.00800458039,-604.436269148253,0.419269193943594,-0.189882838991729
-10518.7101391789,5065.31842007503,-1419.71587937997,-189.763735831962,606.77725816875,2166.91430952856,0.495374222269392,0.400050741170075
-2254.08154903783,10388.5339948526,-565.812183282387,129.419318870112,-1035.98015705633,2210.23791419334,0.488063796848376,0.317600104910132
-10415.6359327218,1656.48537626906,1440.61129409008,-3481.10320876842,-81.3482168810184,-295.652078749424,0.483027913741047,0.589200382457447
-8181.09339039279,22105.0139068316,-61.048692353528,-542.183898244808,876.985794857387,-11395.1595917332,0.471057927730329,0.435394212569186
-1159.61934522666,-7873.01181794208,-336.3629903548,-585.526166143367,694.265818880903,365.903982629907,0.44145962482944,-0.174759475174538
1430.40492957742,11381.0823102266,-2395.84846361666,-777.374713166326,201.942465197518,-1037.67597045859,0.447492071638387,0.382596070748286
7154.59749490344,-7449.09177116277,3664.99278567766,2954.2939007309,-65.5213577862593,766.376723036503,0.473775654974839,-0.0952565901318868
1614.75401865458,-7669.87431002794,79.7722076060274,-424.332851867169,153.917176626761,721.680805827746,0.442041068893196,-0.172638903026377
4887.21946116805,-8666.30366766901,-1720.28416710425,-184.166472107276,358.990388437254,215.469785164308,0.429585162690344,-0.14288123786946
-1856.04097324315,-7277.28033351841,-1009.07787712216,801.842249690718,16.4652784646501,-324.173477625878,0.466364191541637,-0.176475649249878
-1795.16192187657,-6096.97171094072,-1208.61924757915,-938.929368568473,-375.634784617631,-621.52554273229,0.449805122347133,-0.203797948124116
-5507.08096969556,-3330.57648080105,29.4299285057905,-814.646787257877,569.349949604867,-1306.59951015773,0.449411016654295,-0.247609374580432
7365.78055725153,-8157.14198187364,72.3811342275944,1196.59661381324,-760.049064410439,275.105263846238,0.455668033771069,-0.117742227842988
-4346.64414333855,-6826.51863375244,1379.81405787621,366.395900302798,-622.616242256192,-62.237706023977,0.482621958278041,-0.174628318649045
4095.12304871364,-7411.37736334292,-2037.4806239196,227.354088407684,474.586972255696,-370.275816259336,0.432928126938131,-0.161741936762195
-8671.85816252077,-6389.21963398295,1590.09214868141,-1237.05857747126,-857.350391914791,-14.6981098312098,0.48109682855314,-0.207482531278529
-1135.39572914068,-9863.06971811343,-1141.91841941175,-401.478551578915,120.74265542767,677.892567009276,0.452097836955654,-0.147088320836783
-376.597999102812,2923.17194710133,1612.5671343745,-3526.38906952105,-1744.7699176056,-1701.54116418668,0.47318840048818,0.647083852698143
22959.5479775035,-9515.31283977272,-3297.30239547643,552.120363139342,-134.354319089571,542.281075917974,0.384937938165642,-0.0739200472349868
64420.9589635572,-10008.4615486377,-2544.74823242623,6892.29135605866,-3775.05742632048,-375.478823010513,0.378244769850435,0.174242430515524
6910.08428488887,-8731.65797225415,2310.85419183199,2843.09979615649,-1877.02448672553,417.473896157652,0.496710191704802,-0.0746382037295489
9339.07742299631,1719.40730078655,-2823.72918329208,-1819.62624524005,1701.14336000988,-1158.59264830409,0.406359047895955,0.646683837578752
-12003.6026286902,-967.78062412505,2660.11478725924,-5157.36365955245,-1464.36097606112,-620.822375325066,0.450005209732205,-0.331688214110249
28445.0713928158,-11650.8526154172,-6497.75580680723,-1793.57844470806,554.521199744603,1194.59565315482,0.32728449149425,-0.0698217530923801
-5121.94524126117,-7750.09718054324,3800.15932072858,1392.60453612284,-1160.62191937143,730.317282281728,0.510273269090763,-0.143593306458314
-11246.3088966973,-8475.91664717959,-497.546455515492,-1247.87825940471,63.0389274683781,348.529760641633,0.474724186417623,-0.20804072703974
1593.44616870209,-7172.26343160912,-2656.27426038965,-1622.28668048236,-306.005374428568,391.238702612612,0.427681938034572,-0.216588325383687
-3955.53137735387,-8278.00824823505,-1779.30783657463,-1417.43753823356,21.7531610920856,256.555162743772,0.447158017810971,-0.196708658264375
-5739.59607755249,-6974.08069266978,-959.144827319129,-1372.08808954794,144.488625973983,-330.601670343031,0.452126959424727,-0.20623041337988
-6795.14622534663,-6805.69858808684,-951.677021904409,-469.253825396909,25.0493949342079,-416.840556948181,0.466966232934807,-0.209500490914295
-6688.4766920857,1360.82857263228,4157.02080845437,-927.530049356978,-820.223623948294,-184.914642459114,0.471325150798078,-0.344666266364911
-8860.55795024317,1587.5814889628,962.836374787785,-2827.57506518394,-653.959024966858,-2662.50902955249,0.449337045800342,-0.333034093774954
827.634001206421,-4002.00672834043,-1305.34313671132,-2479.90814124743,2611.63040247068,-594.361702596721,0.380696362444439,-0.248353001299608
-7207.865151802,-4025.51218013883,720.290137585583,-2700.92865453912,-51.8677749421231,-326.759234022043,0.443643884714178,-0.264825352318138
5234.307366375,-2523.08150247186,-1463.38036450463,-320.901013130011,1689.46038081156,-990.105224484624,0.40093501928407,-0.249047492191837
18276.7276068187,-1286.19966857074,-125.627798447866,-8819.68346975207,-1126.24250500901,-1347.46593327671,0.304163767851836,-0.219399150987892
24535.9644771136,-2970.18132168819,-3763.2924864946,-2256.56983347259,-1411.13227005439,-2672.88036696981,0.357230342464344,-0.141686097996703
-1737.81221021562,-8307.72889125392,4022.5490782103,3318.20811744663,-1988.97518831477,520.48400045025,0.533990219373279,-0.100456481219835
5519.17270280315,-7292.30208733082,-2656.09728073086,-3392.02914967321,-706.102354585805,177.48214168737,0.401368147678411,-0.195469444666926
11436.2494625713,24516.8562713298,-11201.104117623,7419.43275242387,4928.41718427193,-1767.77834037494,0.401963780251925,0.0342938997847153
-5330.76105537413,-6981.40569433608,-863.472678029071,-1284.41440352543,61.5492839131378,-306.758450127516,0.453152213379047,-0.203460580978682
-3675.5070714703,-5631.33592641017,-480.418512594821,-1689.98916519556,-452.035856338487,335.422826073802,0.448200968958224,-0.245021731380124
-6927.97752223671,-8711.53375946955,1392.8079133573,1105.30936372853,-707.094272970086,583.009903610184,0.502550837849254,-0.157811439414192
18097.9647160431,-10233.0400048146,-5105.54273326888,-2258.20743081709,558.248875405326,582.595991681271,0.35621560280568,-0.112172225520393
2913.47484266796,-8221.00016097251,-2233.37299851316,-1765.39151227541,380.436008824145,228.286784367329,0.415773258598227,-0.17452518814389
-11475.6349278237,-5519.67835877956,1081.92973325225,-2223.65731869695,1056.53359278596,94.3284672315233,0.450474900103864,-0.25314104327915
5762.27034742229,-7721.04391280792,-2062.78985527947,366.035691303926,-670.080720216753,-325.518226082107,0.444933752900223,-0.148927621411462
-8586.25529720085,-2436.88126362459,3743.75688023075,-5837.97077026607,-325.509802668998,-206.696423998457,0.421124997592453,-0.280321938138804
-12827.6258559456,-8758.27340191467,-723.128734900445,-1086.02407910787,-37.3486301925158,277.188782249017,0.482835178714631,-0.208585373315304
-8926.22097545456,15697.1475392087,-2518.16199172127,1032.06066037862,403.287901073033,2654.15565875456,0.485646788424979,0.122333811396256
-7948.75904118238,7460.8331424973,-2980.23650541288,2015.6615408962,2673.48378853845,776.121222915796,0.478191026974302,0.38213743682415
4749.16151120906,-7937.00896661985,-1450.82522897232,473.211782305719,-721.814356678805,396.497558956593,0.451018492065055,-0.161629524971159
-9052.09768036158,3143.5954438821,-147.963700736361,-710.882547622947,638.33237532158,136.364005878666,0.493245699307497,0.532152814566408
-11253.94175468,9297.00244420801,-2121.9149282626,855.959058778305,-734.768936752346,1153.54817448198,0.519632997833229,0.318251195048055
-10304.7680864475,4395.96977236949,-2344.11312677873,2408.83373102498,2134.93177016404,-609.824766749597,0.505487812272178,0.498895069657111
-918.497448406181,-9596.54959105602,-1267.89772109638,-1227.6863220011,1516.05589238379,987.724881138387,0.42243767656228,-0.165675552985547
2284.5534399231,-6476.17250668738,-1356.72215613457,107.493402939446,-146.431351997815,-678.464286277129,0.446007343536356,-0.173923542726124
-4207.29824288682,24216.4149643581,-2024.98391283974,2149.47228351348,-1971.23806147238,943.948107810394,0.503940459028576,-0.00174196955306329
-6533.69902217727,2391.30263398,1050.32777088518,-844.322712997745,-1385.26767257383,-85.4643984485533,0.515322565572514,0.583463959323585
5328.07674156978,13808.4147460926,-88.5934805971482,1380.56093770542,63.7861415157961,-1138.43157481101,0.462961471038397,0.382407869737964
-7010.47204201697,3126.4593117696,103.039870464548,-913.108341972168,2082.01333516579,1710.32058889769,0.4641259297989,0.49636385405547
-9919.35359511953,-4355.3740097326,-309.23782459888,-1585.03347409508,-2.79875294279611,565.547297082163,0.460958740091696,-0.30729405063874
-7409.95741728682,-8446.3960597646,-440.419179719653,-638.234200482053,-70.8011306268481,254.480329469941,0.471506907496967,-0.186614332604221
-7539.45721319468,-7382.40706886777,59.5197043166037,539.680338072757,230.839346341814,-216.878031823965,0.481056213422101,-0.187711417285686
-11187.8401706186,8450.76309697719,-529.030782696733,67.932173668382,-1050.20731961765,723.571548784713,0.520648879067051,0.372103367120608
-8450.23898380113,23194.5695446603,7471.1438074925,-8787.28879272364,1653.72039119121,621.409005054098,0.371893325527925,0.116552921034908
-11384.4089265514,-34.5742227159826,21.4551171473693,-1623.67053028578,-124.154478880588,128.482986441658,0.460802026235451,-0.400431891476632
-10688.8294518398,13838.700456308,-3434.53209078547,3392.90480741176,-16.3268173676956,701.087551401955,0.526339632803822,0.214242738314901
-12233.5129233278,-4134.32869556779,636.119225863641,1669.48847772572,1299.29568641287,-1323.91573527127,0.491404433507982,-0.240572719664307
-9398.70791758789,5670.93590495769,-689.593465570299,-1204.41287459793,916.262258146702,-681.981599222047,0.480484769816939,0.48584552041604
33479.9972726398,-4851.30804844232,-2046.58052616042,-88.8172706042036,-2853.55649008542,-389.430383054436,0.377398402828872,-0.0982695033925813
610.809935443469,-2864.05429209829,1544.75130214975,-3608.51301827679,1028.26805033794,-851.833953307151,0.395256035651694,-0.233316204068554
-1354.91891971443,-2566.07743970233,532.598076486318,-3542.84039844561,-765.043960415449,-1554.61332793773,0.423918925989739,-0.242222337478767
-8805.26788814344,-4601.160286961,4337.27817385091,-584.628031432031,272.22325057188,46.9973398116428,0.477404474415076,-0.212398657915018
124.201315429806,374.359611560269,-1440.24585273435,-1793.78647787187,2159.14041404325,-1392.0641778134,0.38986565921581,-0.332873020934684
103863.425314076,9910.34970578391,2788.81492880391,-6749.36783766963,-1807.54273927999,437.129081621998,0.0544197634009767,-0.127369170433243
-11073.5899609842,6066.58973430234,-381.732506317098,-1399.58389448526,-1477.56471393514,1784.45597968162,0.467222217037649,-0.603983210691001
37917.6592068362,27331.4501747744,49233.0331022066,-801.632310339856,29557.7099996742,4555.14218632684,-0.0110234288879943,-0.280803313746192
-12731.9529230366,-4664.30039364329,-1558.2746353514,134.262389282067,459.966165103365,-1349.89571116305,0.482528582677422,-0.26476412164732
-4283.53535778277,-5536.68476032508,2473.86469828059,-3789.64044594553,-1551.81950248562,-93.8485319560505,0.448878864948134,-0.202250389497735
-9836.43602945924,-7912.08784681032,1326.31695300448,1102.56739482156,-339.310025463466,1061.26561273695,0.504663975859382,-0.205397478825181
-8576.2961353257,3687.78296676361,4051.28894178226,1861.12865085605,-2215.74374823381,-850.397926990075,0.52367226380614,-0.38258592378451
-3566.25439125038,5632.68510584298,-734.129093354746,789.858075305366,-1494.08101469497,1487.14633621336,0.514098327996909,0.448958669471915
-10395.7071705342,7436.84040703855,1818.665205967,-3567.27857005117,257.340914181385,-788.191688862758,0.469275900407084,0.469624857387942
5076.55293776941,-6049.62503366875,4190.21941049032,-371.008170160052,-2831.22615580808,-222.890565930785,0.480082551095243,-0.111636456778281
104.045809339341,-9119.28085841198,-2669.1897495162,-787.827098827192,-211.81183710759,25.2637304125902,0.444095482852876,-0.162170150892945
-7656.8527604177,-6877.43315021352,-1047.95907084691,-1080.96178082824,164.027143439964,-292.055423112336,0.460707413868452,-0.218468476624804
-11463.3249195735,10541.4507521996,-4782.89215892455,5681.41850436375,1745.3898519317,-3051.96223359591,0.537480517836407,0.396022518045063
-6018.06673706177,-6634.61022767208,-1403.3868566507,-408.994434822552,925.881756230325,-204.568728168028,0.451541483966676,-0.222488841968305
5425.20518477452,-3984.5334226137,3544.86991633172,1919.04409807833,-701.76318964377,-878.529462385842,0.471911505010966,-0.140909546732737
20659.7740892985,-4656.35720054026,10222.3812015646,6924.61765732963,-2838.3288853196,222.004802295634,-1.47303796320928,0.10552627345922
-9351.22532135786,4151.82559321551,1.78372321811393,-564.737579315259,357.981006152923,10.133616978814,-1.49955019796181,0.603654249805383
-788.576113797031,-3598.0890656259,-931.603977614039,1910.49525455184,181.20406441566,-1628.20869395413,-1.52917271783618,-0.125190031999052
-3512.64029712426,-6946.0186878168,-1415.79604681871,-1820.24697121283,-186.83984701017,-26.2627730241559,-1.55489932028944,-0.123589108538421
-6859.28949989348,18955.2821751263,154.530911549196,2901.10592696797,-1328.50903846485,-659.054252325101,-1.46978950705345,0.287913246390662
-5262.98019433126,22229.0044447538,-828.502109668522,3053.09951188216,-1264.86411857176,2647.31889966445,-1.48571468544178,0.0998130472135458
14362.1802162469,1969.277625275,3583.54718248052,-2857.92232014527,3867.49690230556,-1437.02636690515,-1.67769662910915,-0.149348294187024
-12607.3899546158,-6500.20650577127,-877.633827945296,-314.663822286334,-106.010060263707,234.128308204929,-1.51036097225995,-0.169972375541105
-10821.2315222298,-4533.41620811869,-630.077736165395,1047.20485796604,1510.0979932524,-1455.06096994416,-1.52300949939719,-0.149160853858361
-9381.22507272217,18543.1803685135,-2401.14437251146,2113.38872075828,-128.731779295833,-1481.39727121766,-1.49132191491183,0.275017501117591
-6934.44010164177,-8295.39255802069,-1010.03852846349,-934.396746035361,-127.520596000064,338.49015265345,-1.53221961404517,-0.108721389194252
-9612.36348468011,-112.333427203769,677.039454845489,691.74712043824,-1698.8631061874,2398.24833323331,-1.45120121619299,0.64396932067781
-10833.3548415493,-1350.76666788778,234.738441990958,272.527150263522,-251.244551830322,1000.38700839295,-1.51423032456956,-0.293622328529808
-5369.56181267086,14514.6639854383,-1477.36735843454,-883.242886380494,-2057.47920810055,4131.62963331855,-1.50921272931766,0.219152218912311
5400.38580345452,-8660.13628697667,-1558.77226061649,-1445.66194446174,992.358688042936,766.977579635558,-1.59277735424686,-0.0680915633007505
5028.18144822317,41962.7682423627,903.234035282922,884.12918584491,-2062.24718841494,983.149083331106,-1.55855077832938,-0.26496378610802
-5776.69045014764,-7367.24927230084,-635.558244378688,-475.757124241624,1274.38563777948,247.364354367084,-1.54995715121901,-0.116010391932476
-8743.29394013295,951.804632823449,708.751494030068,-1524.81113455415,-324.572513371472,1119.32630702715,-1.5427552593549,-0.342812409497517
-9511.2908417129,5186.98502215848,-1213.7655511947,276.760080279944,-289.419882460256,876.540981295926,-1.4867277301984,0.536202679110064
-8130.25590668234,10538.3235350578,512.421960580408,-649.29128293319,905.992513365018,-655.252824611585,-1.56581105803243,-0.517032570129974
-6753.26341053195,32252.1605568772,-5108.92204348268,3840.66506911826,218.417780612015,-3416.91097424775,-1.512271759564,-0.0184037358876582
4926.97367536394,-8428.73962890472,-1581.03183071876,-432.79266929391,189.610533169988,164.822046840203,-1.56898992104154,-0.0548284853981169
-11003.4732736033,8762.46356019621,714.855080016294,1155.07782228404,5447.54157530935,-295.19680787816,-1.54868035646166,0.511983626215547
-8914.92468438298,-8036.03573376236,71.3448740699694,486.229404741299,-352.169819693128,-61.6159044521842,-1.50443660163023,-0.092009869420937
1460.28266404989,-8905.75180596819,-1752.83456918473,-670.89623854118,62.0039155316316,221.908606850494,-1.55877235529992,-0.0632888939878699
-6627.50736055099,4123.34392012762,-1449.60048298807,-1521.90774681598,-599.52933876992,-529.496228669842,-1.55437943316258,-0.389695038804417
-7062.59032026634,-6648.38732708227,3631.58219883137,3891.26762324531,-1236.7966492235,-393.022894113867,-1.45355470590513,-0.0479289096598382
-9165.13667475887,-3543.28146621248,2913.78817972843,2820.13720182894,105.893549920403,-765.825765170162,-1.43792614429557,0.865673605353927
-6022.7713034393,-8094.2376335133,-1300.66877012306,-788.821520030021,379.680486015266,39.2165700594986,-1.54091705838718,-0.103712492659348
-282.017462975286,-5065.03144264129,-1875.26698381574,-1665.07561221892,194.24612694812,-420.268958113601,-1.57219982129843,-0.148679532772379
8472.43981877219,-31.4299122724231,-2717.76818468098,-870.86969531717,416.41943700191,-666.95339109743,-1.55847198494841,0.76469913800544
-8758.23707073126,-6846.78206396557,1088.32773185411,-628.012238337618,-215.730978760264,106.305417537514,-1.51891385345855,-0.114404733376939
-11406.7993962546,-6562.36607765202,-1091.40963507878,-40.1119463563277,-1096.18624966027,4306.94511840904,-1.50301904436402,-0.292129640294802
-3417.68098910647,-6271.67283390877,3532.49581955594,2185.9088155942,-1075.86778260603,288.767603872717,-1.48787820072506,-0.068711976880993
-171.885062893572,-2351.4238221836,5224.37392711509,2129.4249008083,-592.642313777034,-507.319539314216,-1.46115757557816,0.897721414588234
-9401.89109090409,-75.6667379504104,4160.02055170686,-5526.35382602373,-1814.67906848291,-63.8375871667566,-1.55400441113255,-0.248638863596129
12494.7030865102,-7703.8532618361,-4809.46918857465,-1482.93066198455,376.167354987879,-433.969475392114,-1.61538354194525,-0.0690547871981524
-11572.2626510341,-3692.35649525674,1385.51379985074,-2471.94360872652,-809.303169755703,-827.430603727974,-1.52628190556599,-0.175849367192508
3159.63157111994,-6039.88898335345,580.345806089585,664.795380845219,1132.96449658833,-83.3572476136016,-1.56217963420484,-0.0787701169380995
-10523.1384622827,-3139.14394496152,2194.23903012295,-3298.30039092816,-1151.40921232441,125.074375730862,-1.53430933263334,-0.20556038151803
-4378.10748938822,-6905.46406369684,-990.641861331924,679.371884186221,-232.857680951154,-375.147733130282,-1.52222468722565,-0.104163852380995
6081.58124358624,-8465.91894762651,1447.07747736336,-1189.01402707835,-923.246781991233,647.1807650917,-1.55929466796486,-0.0244112719298516
-5994.61421171818,-8928.53678254703,-1049.93223899719,-795.603592290505,-209.755176564219,310.901871328284,-1.53151735950922,-0.0886181441577943
34406.701076581,-9531.13095260818,-4656.8542557022,113.652906828859,36.829801517699,815.1153597018,-1.65968783185804,0.0385514906743715
10894.5559318876,-3982.9319708093,4092.59660475495,5665.78416687401,-213.637563491426,-1217.3798897705,-1.5060198126242,0.00337489843711846
11658.6405737461,-8591.53864742994,-3077.25352368324,-930.357723652405,-8.79581835383437,298.181822813379,-1.59656031607451,-0.0482227524032379
5202.40164088296,-8095.43618054296,-1655.12723158081,1280.75165658593,-403.673234731067,97.9017059344192,-1.54342909486343,-0.0558844521799636
-1529.76667154236,-3564.76224815706,-1510.71749263409,-1416.60432669956,1612.89070086867,379.072342223362,-1.5869983495461,-0.208644999642123
-5505.43829704122,4009.47395660218,-22.5150043480529,-1149.58980097066,919.652519821151,-1014.41839797813,-1.56974376899187,-0.34517078281425
-8708.09961262979,8069.88822061087,-2776.64369539727,1424.42977026187,1548.45898582965,2964.99673369841,-1.5120441148183,0.387686152828108
-4072.66616163985,-7037.28495855759,-141.266173002459,-1197.49999373361,-299.472220982662,204.975739551477,-1.54166486358227,-0.111380400044529
221.632590992288,-9757.95892478273,-1376.96684172658,-397.791507258041,-98.5274858381277,558.506214236121,-1.5477326090218,-0.0524683047703078
2749.21832871403,-5767.55875382485,-980.375201458482,-3852.92094220223,-680.663701347951,46.7163239698078,-1.5916748701857,-0.127427091781952
-4044.07791832009,-5940.03724900935,3694.62401782562,1093.7406319634,-1915.548389354,426.623725499649,-1.48725042402925,-0.0851902279434339
-9683.39619103873,-6680.02308949509,682.389611716775,-731.635402860841,26.296687105991,-24.1059998692329,-1.52152622524179,-0.124278667853378
-1356.27637517338,35068.7407031315,3248.39070643566,3325.50067008691,-98.7924108411959,3485.94119971671,-1.52301819087229,-0.162059836864966
-5192.87084368526,-4945.49118126044,3726.66006378921,4137.74106987252,66.6287106982811,-859.37701438123,-1.47613153760007,-0.0638652907531089
17538.0113490315,5192.35758244049,-5920.21021273991,-826.532532622355,1707.0440398638,-5765.67818186674,-1.65976043577939,-0.207402745888771
68.9687543395042,3591.90784713203,9299.52942994724,-8187.63465372684,-1444.16537021781,203.59258528178,-1.61227467150296,-0.240593895658048
18096.514472985,-10910.8780246579,-3997.667954498,-104.229498413571,-565.603759922196,486.937891248935,-1.59864845185809,0.0194621898199686
-1608.72971237078,-3298.54804928977,-1182.30171266294,-2508.60865116233,-220.488598916444,-1387.03122492454,-1.57208286593868,-0.160379847548712
-4031.70771903363,-6050.53593667526,1414.24498493761,1730.73691698656,-1197.40477308883,3070.41663567571,-1.49824139547923,-0.193931867336526
43188.2516618277,-10714.1051576522,-3551.95912253356,-1430.59485262577,-31.2152005852996,1777.52214731642,-1.70000859482269,0.086397405080555
40054.8147567827,-6198.80650931229,-7466.28789654469,-1726.25095972887,-824.136998229499,-926.080265652446,-1.69694031789116,-0.00890552288945361
-3678.37835375243,-5361.99483153532,-172.960270914454,-3537.6378711475,-553.199584530216,240.609090529472,-1.56862980172656,-0.158936256843518
-4528.56233032414,-8377.75809529295,3145.12473488644,2647.65535446383,-1451.62166218651,162.90135055456,-1.47148208524764,-0.0228244087501382
9709.93886071536,-9231.08664785876,-3773.19353557787,-1669.96806441561,-114.110922325865,508.492928558607,-1.59820040331714,-0.0596911666751125
-10146.709821383,-2376.78031079346,297.085344242988,3792.76093900833,-394.107867006716,254.229099665294,-1.47234376377856,-0.231359635999476
-10237.5319906401,10114.7650881496,-993.096329409683,-713.443185845205,367.125037180786,-791.057220945677,-1.51007744859323,0.465734655012131
-2208.5185881319,13452.4458412491,14619.1840046943,-4806.3324728161,-1781.78932406313,-4184.79432798694,-1.56118881994185,-0.269384007179567
-9876.74688980456,14997.1542453285,-584.013346799204,2988.27872970704,2381.01680727124,-4153.71839037198,-1.49993351129814,0.470958769634278
8094.88288339326,-8133.3994408593,-758.845171676575,783.138288611502,2101.67654595655,1204.03231839374,-1.5905223993128,-0.0642697205370626
529.289062713798,11536.0780039097,-4492.03537574588,2257.29645404699,406.126625694673,-2168.56889723192,-1.52046683672776,0.480792567297129
1895.07913458013,-9418.12648698011,-1769.66403124707,169.817660883719,-576.997841116204,457.617916427178,-1.54165895183094,-0.0543531670022419
-7827.30339033522,-8096.30841721246,2661.49218486103,1959.75032046766,-1357.09296663211,215.074554269618,-1.4718203079349,-0.0543649847738824
-10449.7945084031,-5155.70000837276,2302.13812992348,-3144.17215475324,316.375894017907,93.5076651936124,-1.5487112961784,-0.152620686579839
-11378.0010859085,747.480788190403,2254.29037311485,-3606.84183726826,191.68436378512,-2412.99156814269,-1.55641833585129,-0.224220678090438
23806.3881286701,-10093.5709039544,-2186.553344213,-974.774666443122,-423.899630728362,912.047211999772,0.372327722964882,-0.0568684983210117
-12082.8245721103,-6307.85565217914,247.034268953214,-1000.29506562012,642.892236201391,494.040212354047,0.470393436969535,-0.257295987691582
-12432.7030341406,-7857.90325257699,684.628588668329,-1545.7741942724,-192.079040459816,377.154819737718,0.480341861519562,-0.213583913026395
15515.8437213784,-4372.6642061114,-1863.08889468587,834.314700546088,1064.60699523161,-981.981935194499,0.392088615115661,-0.162220217860995
-1888.21378817114,-8958.6128945043,9955.68745399333,9241.05133421213,-3958.38673063798,953.496446136424,0.642143591962204,0.00071006940292224
-621.526797497566,-6907.00965306304,2253.04527215472,1633.69726242776,-329.55424555911,68.384362050348,0.483338728007749,-0.144391306836508
5127.22225226422,1262.20322184428,-2597.68924965308,-874.180957583407,529.614365882825,26.6766967414126,0.445707262479422,0.60807034151503
-9453.0583744264,-5744.46008439525,518.647931331378,-1581.64096108246,484.780066466509,-274.710520355048,0.458374759236938,-0.233723069315591
25.5900018538389,-795.511870948382,-43.5663784315393,-2874.20827442689,513.504766058115,303.627138966916,0.448932812839563,0.656887207244658
36189.8335073833,-8606.29695798675,-4119.57910077021,-158.117248963491,-1179.5362107007,568.573475986276,0.345896109395961,-0.0533932713186365
13923.9476042367,-8270.83295208654,3715.65593246848,2896.23982018438,-1915.72290230638,552.085473372654,0.478351671925966,-0.0397171257673629
56664.5625737612,-4286.04558876002,-7460.90105514301,3554.26182698821,131.31115981405,-2517.63505962223,0.293920110462855,-0.00835300801483898
26303.480866264,-10053.3448618702,-7850.68340731845,-1134.30796460543,-527.66028414743,-151.474393519097,0.35138407524607,-0.0936726087726996
-5885.3077483136,-7081.4185788893,-188.102241787191,-1182.18971882196,-893.444724134395,967.036949214822,0.469112751753633,-0.233690201583164
3302.36416981916,-7233.03842543413,3080.54010055569,3380.03110240759,-1227.40086993957,45.872557140559,0.505161706029458,-0.102445628043524
2711.81516600365,-9164.03650417504,-3026.85851504319,-1093.81647623819,-243.111946428919,487.611838045221,0.431573914893129,-0.169992116985004
28596.4535738029,-13062.3181926014,-7289.54412543133,-2023.41236467862,-986.255824074344,839.782816787159,0.345641088319456,-0.0365272669439861
-10219.9065190354,-5559.48232267408,-175.188518035193,-1203.72932469165,998.261124829014,452.374157375166,0.455292838442104,-0.272356747424434
-6547.00881252333,-5197.2653829671,1020.29171224538,-680.608919123975,-249.737181924189,-641.068392127377,0.469887275123105,-0.213702369144746
-9399.11005946078,-3946.31950139431,2088.8551747182,970.906305630384,-50.7215533496804,-470.114463150686,0.494968052915551,-0.241775288265999
-7301.04358553809,8194.58870741689,489.743481813999,-2322.57399921973,-1105.93972191249,277.98199943575,-0.513050493979179,0.461576045604583
8217.89531997121,-4745.70388112629,-4226.62222077904,-185.692403520294,1604.65084375116,-896.65962370465,-0.607890483611003,-0.177842271051569
-5434.84153595418,-3869.7280833154,-2569.38048627758,-108.483006448338,-13.4184851558251,218.281226672517,-0.495875618493519,0.728468982880923
6079.42354379509,-7223.77793766145,-2120.6892389034,657.036405203283,-8.3189050073038,-26.1256220198469,-0.561927053288353,-0.122985075604555
-4512.60960974825,-1368.2278992283,-1965.95300451386,577.547384600215,-292.475507572894,860.348866365192,-0.490839247021185,0.66226791209295
-5515.84406986686,2099.2956458774,-2253.34302323875,649.456389460501,336.729904981261,416.640970420909,-0.501296555283201,0.584131066255414
-12739.3567048301,-6729.04266420769,-653.302033354716,-729.262802331459,235.998054975412,-227.745252705798,-0.518709819226468,-0.194085876275262
3991.29652180432,-1488.94937021445,-1552.16798357245,-2567.54706226066,563.956711570874,615.386510382,-0.562604020184995,0.706636332763894
-5208.35356158799,16230.5493728248,-884.341382367061,188.18696548778,-1608.89243105708,-733.967286025272,-0.500493382233588,0.295242829662384
-9349.80571709156,3376.21432969833,-2024.68577904748,160.045607754903,-450.615891807655,1748.65910181477,-0.487389945949159,0.496542683920216
-9618.10944722401,7037.20562268201,-4744.21621769706,3397.90583238732,-749.83684637412,3346.04071293923,-0.461016892169393,0.328642029788219
-10701.2330104082,18378.4042249904,-4998.98597211367,5462.55799823354,2048.89382476379,803.000405131497,-0.48856954360652,0.131889219409893
-11003.4613889517,6016.4189017916,3287.46188334198,-5069.78998916822,-2037.42941069104,-278.375538232674,-0.508582369071716,0.545898307257588
-3926.98770311082,16404.6772253674,-993.313548351415,681.832705028686,149.873173359297,-1857.47452920202,-0.521701305317934,0.332300301274806
4156.57975370813,-7183.7590716696,-2313.04303929057,-1540.38852431898,190.841674670087,-91.3636986450435,-0.583605256426863,-0.139425660176093
-6224.08063803324,-6648.22086270624,-1783.13132983235,-653.525076719854,592.0143161405,-439.850387756588,-0.545692611673965,-0.176499209181417
-8997.8007490478,14621.330609573,5844.73511021791,-7452.49765095467,-3072.28612816698,261.999589204864,-0.536530649505768,0.357335411323959
-4275.24462661269,-7056.14203203055,7416.8182999142,6664.99924279998,-1863.04237625315,112.919647883421,-0.414559764065205,-0.0262784786878555
16739.591719598,-4481.71255135659,-4908.39763508146,1256.61378930616,-289.172135501858,-2302.55247147491,-0.593666421385058,-0.109864609755989
-9659.45828916896,13765.0595025557,-6969.51783559703,6948.68877263561,-1458.15612916288,7317.31725372984,-0.433108462601631,0.0214476582283964
-2951.01268525706,-7589.90370439507,627.41782800494,1666.12732493196,-731.300513943891,-251.385671924937,-0.505068190393524,-0.105406546976047
-2102.14985003081,-2870.06162240811,-2512.93289408072,1203.68220657486,1289.68659771405,-1625.24757997657,-0.553893540235204,-0.217717522018971
-9156.03645409787,9466.53376600475,4100.86681141656,-5445.65397904041,1077.52670261708,-732.144890010159,-0.563411444903724,0.496272468356893
-5720.47193300512,-7179.80906959751,361.099249414488,237.136564692652,295.913197946725,-132.883874787945,-0.527562275961865,-0.138489955969884
-11302.6012872632,-2312.26657318474,14.9179475391095,-151.602457570068,1421.18231279887,-1118.15734042635,-0.53730373262229,-0.255628984954317
-1069.52440993456,-5788.46809844337,-976.659381924167,-559.927633193301,-764.292944946699,-393.824254920253,-0.542223650663746,-0.165536943952346
387.067646051147,21124.3793026671,4247.47771791841,-8546.40045669531,-3788.65736079294,3636.63372782766,-0.587408875496071,0.109997038142842
-11008.2911114128,-5232.27158411142,829.362291288084,-2373.52161367313,152.877423990695,-248.665743096269,-0.540275542543349,-0.20643151051993
-3486.28076019108,-4811.65988737317,-542.16876609643,971.981521053339,644.49493127242,-1196.11000822015,-0.535945311086061,-0.163478133805621
2906.17407846617,-7197.61933410008,-1634.00175187238,1602.14889907984,-805.964766101521,571.275667609298,-0.530312382820743,-0.146744854350575
578.910719182058,-322.005302564,-5285.47471487191,2888.97979067377,1400.17739823433,-2641.60032404579,-0.554808159086952,-0.269978455801397
12926.1042308559,-7894.3215137525,-2173.07327341482,-2074.15470786709,-326.154245813863,36.3931073064837,-0.608777368849833,-0.087931781377013
31007.1164912591,6277.80043435198,43102.7832625668,31199.0415568477,-10300.656891361,-1923.66883101263,-0.0705663583391726,0.434017875007829
-8281.40564641658,-7264.35778904437,1636.76533693699,489.231387614581,-281.787062192097,348.938366192841,-0.506299001447238,-0.144249670177084
-12623.4112331894,-7093.948446353,-328.48663369513,-833.556889810272,417.056397124742,-168.339917800432,-0.521315842204802,-0.18225277764686
4848.80481603532,-6949.24523813115,2508.76879934956,3084.69326057883,-569.075692210544,-189.007871969527,-0.512343606334852,-0.0583550343602805
-7178.8665697156,-4993.15821946589,1694.53021877804,2793.90329916853,-230.159359675994,-843.251752010008,-0.486939005963777,-0.149872634848178
-2757.21936135129,-5020.32985260486,-95.2216138887616,1543.061782015,404.496184615453,-1205.8312357385,-0.527180764056922,-0.147132337456412
1147.95195976773,21680.6577729986,-3244.8666254316,1083.96334224552,-187.719887048941,-2355.9224015021,-0.542405516019294,0.211485065308124
9326.37900383354,-8355.79713500974,-1124.06220605948,-2192.5392555664,1057.0087958685,840.862137311603,-0.614867298796846,-0.102281675389793
-519.04179551481,58241.0591976147,-25557.0921020686,26320.0840699327,2773.55808685141,6151.05445264748,-0.42042428295508,-1.18044377548443
5243.74639382633,-8005.22857843699,5230.98549573227,6049.97392669316,537.354862727143,791.320388273256,-0.442386146745592,0.985008644029214
14799.3067265263,1544.9720942295,-4251.83656554894,-1156.8063131681,689.872482938079,248.574209956575,-0.59366478240916,0.658026927675245
596.1194046448,-8487.59502218745,-2092.79282080623,-1760.44232390625,195.226581926642,281.701786022053,-0.572671952107674,-0.132439151804599
-2705.7219045892,-7109.31982168516,3630.83748151582,3922.33417546073,-1127.08006751689,69.6924183156035,-0.469129810246004,-0.0774789302876392
-10572.2995341339,-3539.70068798974,8871.21471091582,11369.5544482089,-1903.72368961784,-2213.63213315257,-0.341266401723335,-0.0325172445651426
-8845.87394894344,-4283.27562861473,5289.04749146215,6240.13627060037,95.3955219268763,-731.309786736132,-0.44000894536969,-0.117150188437009
-11905.9305907447,3330.95826175479,-2160.12837590198,1199.72758430309,358.369765840968,2917.87781291459,0.518802034937327,0.40646189125942
-9579.09054697367,4479.14535253463,-1127.91763979283,498.978618546707,1302.2998752783,622.262504977726,0.49435939567808,0.472707183481606
-12039.5478394325,394.397768669847,286.323219943936,-1744.81095081612,-66.861574904827,2054.15051755458,0.458414597993134,-0.469972835305875
-9234.01542635512,20328.86099426,-6776.57093960051,7439.39752907605,-754.787569161872,2802.48874668717,0.555352095415463,-0.0368850418945232
-9875.26218351467,-7149.19244339256,569.814141467111,121.059412101124,-221.242718672107,-80.1154892842155,0.490426074776115,-0.202125518999709
-11409.1223581255,172.205580550056,-2255.17143336368,1101.77686309266,150.788588544873,256.977044174436,0.481621988804096,-0.433058437288489
-8519.07451159231,8755.72251947548,-1009.29258855469,2817.26604117057,66.2264794366934,-176.613466522629,0.527508529122159,0.406295789462234
15368.7361210847,2959.80960865375,-3926.67853147026,197.051897903526,-594.043125732813,-216.984399360838,0.434759431434505,0.603035195360482
-9460.00198073204,-5979.73019112774,289.485779699014,-1014.02134199302,-172.587115277549,683.170384036662,0.47223233163992,-0.259590090924836
-4334.64773363233,18208.2793119144,-858.202639261253,-11.8535116213285,-2383.26284402964,2277.45885827416,0.497051476706955,0.111670861407192
-9427.39637469509,-7033.51529498608,253.345546369796,-66.180602448537,493.970014872524,-46.9557933909513,0.476374990331106,-0.208601961215175
-9301.52621297906,18032.5701680255,-2351.19447062214,3658.85287383538,1351.04614505984,2704.55353622018,0.499993333696675,0.0731963106781338
-12500.8371538303,-7120.36450809989,5.48886067791976,-743.327862934658,-38.9639629017093,-199.919898356695,0.485259959327869,-0.220891709403652
-11234.698840493,13836.9118714685,-4628.26468967354,4208.0512603944,1259.58774831183,-742.383326114294,0.518907439630847,0.243078560031307
2423.29916509769,-4114.50007398114,4854.82723365525,-1251.10985314193,-882.483487052766,1110.55320069484,0.449371006194538,-0.203691709005735
-13019.9079849559,-6861.95567023049,-701.500862734283,-663.932542934265,168.426363134859,-334.57691230665,0.482997234435373,-0.234767524827682
9239.59161259939,-11122.3282325213,-2291.17914614195,-49.422082969655,-576.943780993752,775.079553184413,0.432010676891276,-0.08982642150493
-11920.0106052025,11327.4020527377,-7405.57471514473,7506.42197657708,1950.54908027362,-2968.67381099751,0.548742688677108,0.341322849894936
-9149.91717071804,2303.39814512278,13684.7263750882,-8636.13648674133,-1264.44872100034,657.485415804821,0.41952380593347,-0.294466814532099
-11739.6020960217,-4145.12141066764,2031.8148635426,-3923.25292499488,-308.295371199976,-322.06250731362,0.451005981803722,-0.267244902057574
6719.39218693039,-7842.20329503297,-1366.91141663087,-1312.60072146532,-814.087883838675,282.863329532028,0.42627415119997,-0.156038465474644
-8502.18315423609,-8315.50840604108,-487.263742751238,-596.088668762958,-15.2936856304959,277.602314193065,0.474299382583311,-0.195752822786109
-10913.2897638234,-6261.88182518312,-330.595889033462,-952.604077302786,498.78882027359,-359.535744820764,0.468687633668936,-0.234881164254123
-8508.60877202496,-4926.34406791899,-2246.01534068665,20.0284573150784,375.545810120928,-218.852905210188,0.466571551403745,-0.285076700833882
-10512.5202991845,-7304.05003115283,-283.571858163687,-446.111948610689,76.9521359364528,288.730051220686,0.47983512649549,-0.226019387347386
-7217.36837771856,1750.07644922292,529.696040173394,-607.68840837652,1490.58724868408,1666.72607850795,0.479492194262395,0.536731650707947
-3546.71318021269,-7381.2826044927,-773.41797021977,-1550.11252455032,-258.750539691689,36.617898613249,0.449352995608912,-0.19635270557191
-9681.92158602072,-8255.06963373165,116.939397948825,-675.254050679445,-238.804163373187,451.429414271575,0.481270929508159,-0.199652284341957
8990.93001242689,-8807.77728666711,-3099.86453909778,-603.37781886757,-201.783188159696,-97.1078309484729,0.416734676207607,-0.132738668992708
-7128.11442459333,-8803.68778913564,-929.057682628927,-642.595566871081,-62.7079506008517,251.010462781455,0.46987248814235,-0.183452749825132
26425.1874132943,-7097.18870758165,-5596.94825812729,-2558.79140288472,971.404982067816,-159.507612625013,0.361113224347447,0.862446368219289
7811.88039284837,-8438.37727731331,2088.91183903904,2909.68246700978,-1643.64033084678,715.224444660358,0.490129649250834,-0.0898263384001353
-8648.02464675005,-5634.26471256265,2047.42490783822,-2598.89147637176,3554.02708797079,1215.11555677877,0.405340250840943,-0.259077850047354
2901.39385091956,-758.344351788009,-634.358588895942,-1823.96085378728,1770.93699748593,-180.123726007851,0.433944921080459,0.679037949748199
-6624.86557570601,-6961.41407060237,98.1809551703816,-1224.23527812374,-84.0765478801568,128.081411273287,0.461641591147734,-0.209514055599311
-7418.50096186234,-7667.18678270334,-931.898610072461,-1414.23955405375,-395.592149609515,323.548152448192,0.464590631507621,-0.217033189590883
-7594.03353244842,7348.73094706819,2915.77616750794,2586.2033374077,-558.410712653643,-987.452262768973,0.543296083611138,0.523343535343373
25207.3705016264,-9377.12118517,-5634.96860751387,-3134.62897354065,27.1227912076,161.038219842098,0.328970693234448,-0.0992325105696831
-9678.13346853356,-5944.44755576074,425.465654295447,-2503.23331747527,501.69846997155,-166.116907708887,0.448524183258658,-0.237257484034334
-8217.50573071083,1641.47412115939,-1634.7548330715,-525.639438495005,490.299596954526,-3305.31221498637,0.497575685909642,0.658535093126833
14983.8972119989,-9660.09866505988,-3087.0785366429,480.072406229721,-1058.82939932787,494.241753963214,0.42228035799924,-0.101386796576793
6093.89584858849,-7251.01888939994,5255.51605718117,2215.22075330452,-2734.54281808887,265.625088793831,0.50859833849616,-0.070583838272298
22177.7022612229,-1582.16311948503,-3069.64812112974,-2350.46658692745,1006.17696549505,-577.471878201268,0.328237844162407,-0.239801420756839
-10674.0097559023,-5593.53957635872,1644.33838811352,1854.15687498975,-414.421916895993,-623.460772797411,0.515554420901958,-0.206408875257268
1467.40807309998,13370.6672120374,8322.37227222783,-7615.97214122917,1664.25058318976,-4922.87950193263,0.333360934077837,-0.413965844410609
-1424.04738962612,-8318.80425775989,-601.227154486376,74.4920157656921,228.550146989484,290.652426594595,0.456073968804303,-0.164754096238536
-11310.1237481671,-4758.17036220623,1776.65053811883,-1150.24309219669,60.5578918042111,-369.908459892749,0.476222335220447,-0.244133050780877
7656.59248424148,-8844.46827861022,-2223.86283542467,-1366.03979497179,-97.4965769446398,417.840865466379,0.412601101043352,-0.143589084900086
-3449.99312550737,-8508.1941901371,-1022.92347822853,-537.056422883502,-206.964686562029,264.828482032486,0.460707117734451,-0.176121218939024
-3519.35926372772,-7920.41436366392,358.969263375087,-1.07998520583534,-345.26072178335,248.091400349823,0.471187872725379,-0.169330115741708
-9059.63420364746,-7502.73276895541,3129.86395831324,2052.44274114453,-467.347419509876,393.365325654271,0.519081118448657,-0.163298058262001
-10138.2736908095,-5802.3222830973,786.346393543514,-1587.16431729739,1195.78796035427,-105.200235133986,0.451529119620433,-0.236446938932555
-12084.0216675283,-3903.2997342604,1020.2392480545,-2063.27844011362,120.987117910889,-1006.26837519116,0.465079142831441,-0.261760170143875
12033.9199022673,-5003.2502418704,3805.25925334145,594.321637915605,-2384.24326448309,-448.035074733767,0.460673376959962,-0.102026342189663
-830.716563993099,-7243.23989432347,-2213.27157520615,-82.5125858780646,188.078827310857,-565.844651025505,0.448238301208194,-0.18471574035662
-3389.26533289673,-7972.70059079084,-52.1312490083453,104.720351487256,-798.142658521696,753.110536676178,0.476496194020306,-0.188813709339388
-6495.03494737219,5317.57356944079,3898.57536371426,-3379.26102904538,-293.875597580372,-288.64712742215,0.474585704886053,0.551801013402174
-815.906280157914,-8211.18679461319,2820.32093439023,2265.96928598798,-1159.19955918679,199.352538411618,0.505520832075286,-0.108318016739134
-1290.09252631193,-9172.32149613508,1570.28707894738,1437.33912080827,-1302.58785946901,424.598391517373,0.497934980002314,-0.114064750384027
-3681.9484857493,-8712.11920928675,-1182.89753828662,-452.130053373336,-254.739775670337,593.707867338259,0.462587641979317,-0.184382807046772
-8321.55338057945,-7855.26943322493,1479.83562320278,881.742954397681,26.3979693751792,297.263339265072,0.493739376339485,-0.174832747890568
15681.5238230004,-8862.80729229815,5297.48365680053,5248.4969223171,-1876.37971179002,536.955971301979,0.503526524375516,0.0118713283050512
13400.155912287,-5396.6226739527,-4124.59374440403,-3257.13535806571,-340.45606829393,-1414.75458901888,0.368371912874383,-0.177727836936728
13194.7418061117,-2214.45102211292,-843.663541837621,-7404.23387429094,-1830.97889966417,-911.857769874499,0.344620807198581,-0.238684870505714
5658.93887133943,-5516.84405420988,622.397351294777,-650.827954113163,-1188.37470431231,75.0100834078422,0.443212115191416,-0.181027930773365
-6204.19206225461,-7954.35256231569,-210.889007897483,-232.662809484741,-395.339084355504,554.715185343999,0.475981278086023,-0.198360528094394
13484.0208643251,-4899.61112283176,3088.13588718103,2958.55621775426,-2146.65627291649,-185.19389995217,0.477169136587125,-0.109216381782584
-3149.63665208814,14129.7513503842,8.88894862385985,299.371203113118,-1521.25729407082,-622.351505806271,0.497682798787521,0.31904178157545
-4279.34022836836,-1851.17068067886,-1204.68096049156,-105.954218149584,-535.71886898393,175.411079355388,0.506472205883322,0.65919645265668
-3449.80620165021,-2224.02887722119,657.64332976098,184.633430763218,3824.82878684113,1069.53315251241,0.407609701846675,-0.325598364075071
-6122.50341161358,-4226.34364146716,-883.09423175031,93.8961322072387,1214.35890440077,616.765322109724,0.449917230998742,-0.297850267155622
-10255.9459471204,-4547.95212367356,2020.34543905479,-1167.77880304281,3412.12369155102,275.067847756677,0.427492075686159,-0.259470060800925
-12169.1538928233,3592.45057891109,-2775.13527949567,1704.58603131182,643.572923277729,-2293.07384201651,0.480132665817915,-0.445471577475808
-4717.38896097617,-1659.7990690846,12364.9231176234,9652.5621461908,-1921.9171715926,-815.319168116564,0.62415815749197,-0.0977590615619526
-6304.63993135607,-5520.45380935982,2255.86705091204,2456.82978434726,-1200.1832445114,80.9155484176457,0.51964088094531,-0.201086294774952
-4184.7714470281,1334.46499856494,-317.825228584577,-562.794486694976,599.327533592357,327.288013374611,0.482566325846837,0.589312009053069
-7029.62149931412,7172.39836416771,641.134820414616,-2744.00643809179,-1247.67028670075,1673.39583303159,0.482697964429672,0.399606932234313
-7065.8991377004,3231.7661416954,-1957.35003696818,-2.8653880579092,715.974207274915,-1007.55463114895,0.445177956030556,-0.447989062209753
-10616.6251205415,12226.7842936022,-2642.14627815786,1431.80918443261,501.476865647076,-1530.08855836803,0.504521377577309,0.328260614069199
-4024.82564204111,-5501.13168040468,-363.18798487539,-2490.0342658159,345.247165676359,1204.50625839235,0.428759873200432,-0.27694128049378
-7607.86884529664,6082.57062702891,-3396.35862007953,1260.63204884235,805.463865984036,1085.16291424863,0.449055579204599,-0.600576678160436
4599.59854227088,40.6671529408688,-3185.13274782412,-430.098709048584,864.683469275029,165.347680341095,0.448307398288743,0.624391373565414
12944.8657865479,-7443.8754459466,-5075.11862147788,-900.231125355961,676.422894554673,132.182726958561,0.3818992350218,-0.183708801602483
4618.22644839458,-4628.08706385425,-2620.97862451832,-1551.99929983963,-306.46561345947,318.289064654467,0.460370966274771,0.736818778683717
4349.26152917718,1309.53429892572,-5553.50511318249,1934.0230229915,443.387143044138,-1662.09171005973,0.475358699568407,0.622902076382167
434.714308983795,-6983.41553245213,9322.07961302763,7719.7514117764,-1953.30714295715,145.952063660483,0.587160216163412,-0.0243535796426521
1949.24340232243,7395.21797682991,-442.546977784466,415.102203458024,146.836100631434,-703.018267654736,0.425558470933358,-0.497050014312232
21552.6834808924,448.065157584928,11828.3363115518,-1370.12181105519,-5390.05131683838,-1093.11549992942,0.46024285578562,-0.0682116192716164
-9110.42016118461,-2040.19768325095,1974.99196842271,-1722.7612716902,-872.545828580318,-999.382607666613,0.472029927386039,-0.280391743890084
-4447.71291046294,-5963.74585258606,-1563.8399985528,-1279.49852281088,2318.82891820143,-340.172836690604,0.416931964804657,-0.231805838126604
-8683.16982037699,5814.08576448247,-2648.10020976133,2567.90084223944,3436.13605232372,-5780.36518923364,0.442258224156937,-0.370271176264838
-1997.3774002241,-2646.60585190151,8978.54381807912,5790.93022539664,-2337.84341473718,-77.4702771263917,0.570468685396891,-0.14389672145949
7651.37625008544,-6423.03804018853,-5113.36088676315,-610.686784412703,187.619153412913,-77.8649401926984,0.406689258219798,-0.224905615810288
-10713.7382460004,-6058.10978200445,1656.64139822022,-1705.80460271843,441.578198189719,341.484243136274,0.464111255538133,-0.235193181355446
3988.79820996401,-1638.44521626709,-3604.93556803007,-574.927637502514,313.283576899109,-538.984657679113,0.413094113731645,-0.321295428856445
20140.8484910742,6306.87723420495,5732.32156062857,4339.06011261265,-1291.33863051211,-5287.10682552796,0.45396074180808,-0.152358489807964
25912.249955995,-11757.6470892562,-3275.75888588066,-524.227272108589,316.06413130403,1336.40953054633,0.360522307225343,-0.0339874388565479
4555.11497764746,26201.7586161097,-5887.432917617,2082.90687193829,-29.7957978832783,1030.68216606004,0.436917470515438,-0.0675454321304767
-2734.37091186932,-7070.7753430384,-790.703023853344,-1344.54789226476,1448.41272891904,219.126151004721,0.42555036231855,-0.204710428754794
-10370.1253064726,-6161.46492320101,-1017.14237906778,-1283.65789028404,-80.676706405564,-297.820177709771,0.469088747466999,-0.247752789647424
